about to author 1716 calls on or-v4.1-flash at $0.15/$0.6 per M (OpenRouter's list (deepseek/deepseek-v4.1-flash)) — worst case ≈ $28.19 (5 attempts per call), likely ≈ $9.02
authoring 1716 calls on or-v4.1-flash (OpenRouter, the bench lane), 8 at a time, up to 5 attempts each…
    1 Potential in Wisdom — 4 attempt(s), clean, 7616+4218 tok
    2 Potential in Drive — 4 attempt(s), clean, 6767+4203 tok
    3 Potential in Will — 5 attempt(s), 1 hard flag(s) open, 7752+4942 tok
    4 Potential in Culture — 4 attempt(s), clean, 6928+4653 tok
    5 Potential in Nurturing — 5 attempt(s), 1 hard flag(s) open, 5401+5376 tok
    6 Potential in Potential — 5 attempt(s), 4 hard flag(s) open, 9325+5398 tok
    7 Potential in Authority — 5 attempt(s), 3 hard flag(s) open, 8533+6132 tok
    8 Potential in Compassion — 5 attempt(s), clean, 8345+5361 tok
    9 Potential in Discipline — 4 attempt(s), clean, 6983+4626 tok
   10 Potential in Fortitude — 5 attempt(s), clean, 8673+5732 tok
   11 Potential in Faith — 5 attempt(s), clean, 7979+5341 tok
   12 Potential in Equity — 5 attempt(s), 1 hard flag(s) open, 8006+5539 tok
   13 Potential in Source — 5 attempt(s), clean, 8317+5666 tok
   14 Potential in Tune — 5 attempt(s), 9 hard flag(s) open, 8205+5623 tok
   15 Potential in Abstraction — 5 attempt(s), clean, 8256+5817 tok
   16 Potential in Transformation — 5 attempt(s), 2 hard flag(s) open, 8613+6059 tok
   17 Potential in Actualization — 3 attempt(s), clean, 5537+3485 tok
   18 Potential in Imagination — 4 attempt(s), clean, 6937+4391 tok
   19 Potential in Breakthrough — 5 attempt(s), clean, 8854+6168 tok
   20 Potential in Inspiration — 5 attempt(s), 2 hard flag(s) open, 8328+5782 tok
   21 Will in Will — 4 attempt(s), clean, 6576+4152 tok
   22 Will in Potential — 4 attempt(s), clean, 7163+4764 tok
   23 Potential in Recognition — 5 attempt(s), 2 hard flag(s) open, 8214+5621 tok
   24 Potential in Creation — 5 attempt(s), 1 hard flag(s) open, 8542+6198 tok
   25 Will in Wisdom — 5 attempt(s), clean, 8237+5563 tok
   26 Will in Nurturing — 5 attempt(s), clean, 8305+5550 tok
   27 Will in Compassion — 4 attempt(s), clean, 6837+4510 tok
   28 Will in Drive — 5 attempt(s), 1 hard flag(s) open, 8022+5147 tok
   29 Will in Culture — 5 attempt(s), 1 hard flag(s) open, 8315+5951 tok
   30 Will in Fortitude — 5 attempt(s), clean, 7943+5496 tok
   31 Will in Authority — 5 attempt(s), clean, 9096+6588 tok
   32 Will in Discipline — 5 attempt(s), 2 hard flag(s) open, 8586+6026 tok
   33 Will in Source — 4 attempt(s), clean, 6635+4268 tok
   34 Will in Tune — 4 attempt(s), clean, 7137+4550 tok
   35 Will in Equity — 5 attempt(s), clean, 8409+5857 tok
   36 Will in Faith — 5 attempt(s), 1 hard flag(s) open, 8893+5945 tok
   37 Will in Transformation — 5 attempt(s), 2 hard flag(s) open, 8390+5645 tok
   38 Will in Abstraction — 5 attempt(s), 1 hard flag(s) open, 8516+5791 tok
   39 Will in Breakthrough — 5 attempt(s), 1 hard flag(s) open, 8073+5463 tok
   40 Will in Inspiration — 5 attempt(s), 1 hard flag(s) open, 8400+5666 tok
   41 Will in Imagination — 5 attempt(s), 1 hard flag(s) open, 5941+5719 tok
   42 Will in Creation — 4 attempt(s), clean, 6913+4424 tok
   43 Will in Recognition — 5 attempt(s), 2 hard flag(s) open, 8315+5699 tok
   44 Will in Actualization — 5 attempt(s), 2 hard flag(s) open, 8664+6244 tok
   45 Wisdom in Potential — 5 attempt(s), 1 hard flag(s) open, 8128+5169 tok
   46 Wisdom in Wisdom — 4 attempt(s), clean, 4667+4659 tok
   47 Wisdom in Will — 5 attempt(s), 5 hard flag(s) open, 8434+5799 tok
   48 Wisdom in Authority — 4 attempt(s), clean, 7021+4534 tok
   49 Wisdom in Nurturing — 5 attempt(s), 1 hard flag(s) open, 8957+6158 tok
   50 Wisdom in Culture — 5 attempt(s), 1 hard flag(s) open, 7772+5170 tok
   51 Wisdom in Compassion — 5 attempt(s), clean, 8444+5725 tok
   52 Wisdom in Fortitude — 5 attempt(s), 2 hard flag(s) open, 8145+5189 tok
   53 Wisdom in Source — 4 attempt(s), clean, 7103+4471 tok
   54 Wisdom in Drive — 5 attempt(s), 1 hard flag(s) open, 8527+6053 tok
   55 Wisdom in Discipline — 5 attempt(s), 5 hard flag(s) open, 9110+5993 tok
   56 Wisdom in Equity — 5 attempt(s), clean, 8424+5722 tok
   57 Wisdom in Faith — 5 attempt(s), clean, 8337+5870 tok
   58 Wisdom in Transformation — 5 attempt(s), 1 hard flag(s) open, 7889+5422 tok
   59 Wisdom in Imagination — 3 attempt(s), clean, 5771+3285 tok
   60 Wisdom in Abstraction — 5 attempt(s), 1 hard flag(s) open, 8259+5637 tok
   61 Wisdom in Tune — 5 attempt(s), 3 hard flag(s) open, 9086+6474 tok
   62 Wisdom in Inspiration — 5 attempt(s), 1 hard flag(s) open, 8391+5818 tok
   63 Wisdom in Breakthrough — 5 attempt(s), clean, 8480+6098 tok
   64 Wisdom in Actualization — 5 attempt(s), 2 hard flag(s) open, 8781+6397 tok
   65 Wisdom in Recognition — 5 attempt(s), clean, 8060+5397 tok
   66 Nurturing in Potential — 3 attempt(s), clean, 5841+3650 tok
   67 Wisdom in Creation — 4 attempt(s), clean, 6952+4552 tok
   68 Nurturing in Wisdom — 4 attempt(s), clean, 6997+4640 tok
   69 Nurturing in Will — 5 attempt(s), 2 hard flag(s) open, 9095+5772 tok
   70 Nurturing in Nurturing — 5 attempt(s), clean, 8177+5487 tok
   71 Nurturing in Authority — 5 attempt(s), clean, 8387+5862 tok
   72 Nurturing in Compassion — 5 attempt(s), clean, 8464+5996 tok
   73 Nurturing in Drive — 4 attempt(s), clean, 6861+4814 tok
   74 Nurturing in Culture — 5 attempt(s), clean, 9463+6424 tok
   75 Nurturing in Fortitude — 5 attempt(s), clean, 8685+6306 tok
   76 Nurturing in Faith — 3 attempt(s), clean, 5761+3680 tok
   77 Nurturing in Source — 4 attempt(s), clean, 4234+4307 tok
   78 Nurturing in Discipline — 5 attempt(s), 1 hard flag(s) open, 8383+5888 tok
   79 Nurturing in Transformation — 3 attempt(s), clean, 5825+3707 tok
   80 Nurturing in Equity — 5 attempt(s), clean, 8246+5846 tok
   81 Nurturing in Breakthrough — 3 attempt(s), clean, 5672+3511 tok
   82 Nurturing in Abstraction — 4 attempt(s), clean, 7127+4464 tok
   83 Nurturing in Tune — 5 attempt(s), 1 hard flag(s) open, 8168+5530 tok
   84 Nurturing in Inspiration — 5 attempt(s), 4 hard flag(s) open, 8628+5970 tok
   85 Nurturing in Imagination — 5 attempt(s), 2 hard flag(s) open, 8746+6002 tok
   86 Nurturing in Creation — 4 attempt(s), clean, 6897+4576 tok
   87 Nurturing in Actualization — 5 attempt(s), 2 hard flag(s) open, 8942+6276 tok
   88 Authority in Will — 3 attempt(s), clean, 5652+3520 tok
   89 Nurturing in Recognition — 5 attempt(s), 1 hard flag(s) open, 8490+5541 tok
   90 Authority in Potential — 5 attempt(s), 1 hard flag(s) open, 8474+5976 tok
   91 Authority in Wisdom — 5 attempt(s), 1 hard flag(s) open, 8377+5714 tok
   92 Authority in Nurturing — 3 attempt(s), clean, 5604+3237 tok
   93 Authority in Authority — 4 attempt(s), clean, 7177+4866 tok
   94 Authority in Drive — 3 attempt(s), clean, 5511+3267 tok
   95 Authority in Culture — 5 attempt(s), 2 hard flag(s) open, 7804+5411 tok
   96 Authority in Discipline — 3 attempt(s), clean, 5464+3350 tok
   97 Authority in Compassion — 5 attempt(s), clean, 8361+6138 tok
   98 Authority in Fortitude — 5 attempt(s), clean, 9160+6621 tok
   99 Authority in Source — 5 attempt(s), 2 hard flag(s) open, 7725+5158 tok
  100 Authority in Equity — 5 attempt(s), 1 hard flag(s) open, 8716+6310 tok
  101 Authority in Transformation — 5 attempt(s), 2 hard flag(s) open, 8180+5400 tok
  102 Authority in Breakthrough — 3 attempt(s), clean, 5313+3166 tok
  103 Authority in Faith — 5 attempt(s), clean, 8309+6001 tok
  104 Authority in Tune — 4 attempt(s), clean, 7094+4510 tok
  105 Authority in Abstraction — 5 attempt(s), clean, 8349+5586 tok
  106 Authority in Inspiration — 4 attempt(s), clean, 7460+4943 tok
  107 Authority in Imagination — 5 attempt(s), 1 hard flag(s) open, 8671+5898 tok
  108 Culture in Potential — 3 attempt(s), clean, 5775+3617 tok
  109 Authority in Creation — 4 attempt(s), clean, 7219+4686 tok
  110 Authority in Actualization — 5 attempt(s), 1 hard flag(s) open, 8127+5756 tok
  111 Authority in Recognition — 5 attempt(s), clean, 8145+5271 tok
  112 Culture in Wisdom — 4 attempt(s), clean, 6732+4259 tok
  113 Culture in Authority — 3 attempt(s), clean, 5438+3401 tok
  114 Culture in Will — 5 attempt(s), 3 hard flag(s) open, 9413+6811 tok
  115 Culture in Nurturing — 5 attempt(s), clean, 8749+6224 tok
  116 Culture in Culture — 5 attempt(s), clean, 8515+6052 tok
  117 Culture in Fortitude — 4 attempt(s), clean, 7511+5156 tok
  118 Culture in Compassion — 5 attempt(s), clean, 8186+5931 tok
  119 Culture in Drive — 5 attempt(s), 1 hard flag(s) open, 8573+5790 tok
  120 Culture in Discipline — 5 attempt(s), 2 hard flag(s) open, 8219+5387 tok
  121 Culture in Equity — 4 attempt(s), clean, 7317+4874 tok
  122 Culture in Source — 5 attempt(s), clean, 8314+5619 tok
  123 Culture in Faith — 5 attempt(s), clean, 8272+5813 tok
  124 Culture in Tune — 3 attempt(s), clean, 5418+3375 tok
  125 Culture in Transformation — 3 attempt(s), clean, 5777+3681 tok
  126 Culture in Abstraction — 3 attempt(s), clean, 5759+3673 tok
  127 Culture in Breakthrough — 4 attempt(s), clean, 6835+4063 tok
  128 Culture in Actualization — 3 attempt(s), clean, 5355+3088 tok
  129 Compassion in Potential — 3 attempt(s), clean, 5444+3172 tok
  130 Culture in Creation — 3 attempt(s), clean, 5781+3499 tok
  131 Culture in Inspiration — 5 attempt(s), 1 hard flag(s) open, 9187+6110 tok
  132 Culture in Imagination — 5 attempt(s), clean, 9144+6870 tok
  133 Culture in Recognition — 4 attempt(s), clean, 7178+5033 tok
  134 Compassion in Wisdom — 5 attempt(s), 5 hard flag(s) open, 8057+5537 tok
  135 Compassion in Will — 5 attempt(s), 1 hard flag(s) open, 8894+6425 tok
  136 Compassion in Nurturing — 4 attempt(s), clean, 4860+4834 tok
  137 Compassion in Authority — 5 attempt(s), 1 hard flag(s) open, 7902+5523 tok
  138 Compassion in Culture — 5 attempt(s), 1 hard flag(s) open, 8224+5144 tok
  139 Compassion in Drive — 4 attempt(s), clean, 6953+4634 tok
  140 Compassion in Compassion — 5 attempt(s), clean, 8378+6065 tok
  141 Compassion in Fortitude — 5 attempt(s), 1 hard flag(s) open, 8637+6210 tok
  142 Compassion in Discipline — 5 attempt(s), clean, 8446+5773 tok
  143 Compassion in Source — 5 attempt(s), 1 hard flag(s) open, 8447+5601 tok
  144 Compassion in Equity — 4 attempt(s), clean, 7016+4744 tok
  145 Compassion in Tune — 3 attempt(s), clean, 5680+3573 tok
  146 Compassion in Transformation — 5 attempt(s), 1 hard flag(s) open, 7832+5134 tok
  147 Compassion in Faith — 5 attempt(s), 1 hard flag(s) open, 8199+5370 tok
  148 Compassion in Abstraction — 5 attempt(s), 1 hard flag(s) open, 5927+6028 tok
  149 Compassion in Breakthrough — 5 attempt(s), 1 hard flag(s) open, 8433+5853 tok
  150 Compassion in Inspiration — 4 attempt(s), clean, 7508+5256 tok
  151 Compassion in Actualization — 5 attempt(s), clean, 7433+4845 tok
  152 Compassion in Imagination — 4 attempt(s), clean, 7554+5070 tok
  153 Compassion in Recognition — 5 attempt(s), 1 hard flag(s) open, 7983+5452 tok
  154 Drive in Potential — 4 attempt(s), clean, 6962+4486 tok
  155 Compassion in Creation — 5 attempt(s), 1 hard flag(s) open, 8189+5804 tok
  156 Drive in Will — 5 attempt(s), 1 hard flag(s) open, 8353+5998 tok
  157 Drive in Nurturing — 4 attempt(s), clean, 6714+4512 tok
  158 Drive in Wisdom — 5 attempt(s), 1 hard flag(s) open, 7737+5243 tok
  159 Drive in Compassion — 3 attempt(s), clean, 5477+3389 tok
  160 Drive in Authority — 4 attempt(s), clean, 6706+4452 tok
  161 Drive in Culture — 4 attempt(s), clean, 7392+4972 tok
  162 Drive in Fortitude — 3 attempt(s), clean, 5407+3410 tok
  163 Drive in Drive — 4 attempt(s), clean, 6566+4404 tok
  164 Drive in Source — 4 attempt(s), clean, 6938+4568 tok
  165 Drive in Faith — 4 attempt(s), clean, 6963+4473 tok
  166 Drive in Abstraction — 3 attempt(s), clean, 5361+3351 tok
  167 Drive in Discipline — 5 attempt(s), 2 hard flag(s) open, 8181+5620 tok
  168 Drive in Equity — 5 attempt(s), 3 hard flag(s) open, 8035+5597 tok
  169 Drive in Tune — 4 attempt(s), clean, 7169+4618 tok
  170 Drive in Breakthrough — 4 attempt(s), clean, 6987+4361 tok
  171 Drive in Transformation — 5 attempt(s), clean, 8489+6050 tok
  172 Drive in Actualization — 3 attempt(s), clean, 6010+4028 tok
  173 Drive in Imagination — 4 attempt(s), clean, 6898+4739 tok
  174 Drive in Recognition — 4 attempt(s), clean, 6732+4348 tok
  175 Drive in Inspiration — 5 attempt(s), 2 hard flag(s) open, 8730+5917 tok
  176 Fortitude in Potential — 4 attempt(s), clean, 7163+4471 tok
  177 Fortitude in Will — 5 attempt(s), 1 hard flag(s) open, 8148+5389 tok
  178 Fortitude in Wisdom — 5 attempt(s), clean, 7829+5201 tok
  179 Drive in Creation — 5 attempt(s), 1 hard flag(s) open, 8510+5638 tok
  180 Fortitude in Nurturing — 4 attempt(s), clean, 7042+4637 tok
  181 Fortitude in Culture — 3 attempt(s), clean, 5848+3647 tok
  182 Fortitude in Compassion — 3 attempt(s), clean, 5747+3523 tok
  183 Fortitude in Authority — 5 attempt(s), 1 hard flag(s) open, 8858+6315 tok
  184 Fortitude in Discipline — 4 attempt(s), clean, 6965+4695 tok
  185 Fortitude in Source — 5 attempt(s), 1 hard flag(s) open, 7619+4988 tok
  186 Fortitude in Drive — 5 attempt(s), 1 hard flag(s) open, 8313+5519 tok
  187 Fortitude in Fortitude — 5 attempt(s), 1 hard flag(s) open, 8507+5998 tok
  188 Fortitude in Transformation — 3 attempt(s), clean, 5772+3623 tok
  189 Fortitude in Abstraction — 3 attempt(s), clean, 5588+3459 tok
  190 Fortitude in Equity — 5 attempt(s), 1 hard flag(s) open, 8812+6389 tok
  191 Fortitude in Faith — 5 attempt(s), 4 hard flag(s) open, 9315+6590 tok
  192 Fortitude in Inspiration — 4 attempt(s), clean, 6736+4279 tok
  193 Fortitude in Tune — 5 attempt(s), clean, 8190+5475 tok
  194 Fortitude in Actualization — 4 attempt(s), clean, 7366+4710 tok
  195 Fortitude in Imagination — 5 attempt(s), clean, 8188+5716 tok
  196 Fortitude in Breakthrough — 5 attempt(s), 2 hard flag(s) open, 9503+6638 tok
  197 Fortitude in Creation — 4 attempt(s), clean, 6974+4356 tok
  198 Discipline in Will — 3 attempt(s), clean, 5429+3449 tok
  199 Fortitude in Recognition — 5 attempt(s), clean, 7875+5481 tok
  200 Discipline in Potential — 5 attempt(s), 1 hard flag(s) open, 8808+5827 tok
  201 Discipline in Wisdom — 5 attempt(s), 2 hard flag(s) open, 8316+5581 tok
  202 Discipline in Nurturing — 5 attempt(s), clean, 8461+5916 tok
  203 Discipline in Fortitude — 3 attempt(s), clean, 5579+3416 tok
  204 Discipline in Authority — 5 attempt(s), 1 hard flag(s) open, 8642+6157 tok
  205 Discipline in Culture — 5 attempt(s), clean, 8060+5585 tok
  206 Discipline in Drive — 4 attempt(s), clean, 7007+4331 tok
  207 Discipline in Compassion — 5 attempt(s), clean, 7926+5324 tok
  208 Discipline in Discipline — 5 attempt(s), 3 hard flag(s) open, 8296+5718 tok
  209 Discipline in Source — 5 attempt(s), clean, 7950+5356 tok
  210 Discipline in Tune — 3 attempt(s), clean, 5430+3381 tok
  211 Discipline in Transformation — 4 attempt(s), clean, 7051+4617 tok
  212 Discipline in Faith — 5 attempt(s), clean, 8528+6189 tok
  213 Discipline in Abstraction — 4 attempt(s), clean, 7106+4978 tok
  214 Discipline in Equity — 5 attempt(s), 4 hard flag(s) open, 9427+6894 tok
  215 Discipline in Breakthrough — 5 attempt(s), 2 hard flag(s) open, 8733+6320 tok
  216 Discipline in Imagination — 5 attempt(s), 2 hard flag(s) open, 8293+5645 tok
  217 Discipline in Inspiration — 5 attempt(s), clean, 8564+5879 tok
  218 Discipline in Creation — 3 attempt(s), clean, 5519+3403 tok
  219 Discipline in Actualization — 5 attempt(s), clean, 8780+6379 tok
  220 Discipline in Recognition — 5 attempt(s), clean, 8061+5740 tok
  221 Source in Potential — 5 attempt(s), clean, 8513+5764 tok
  222 Source in Nurturing — 3 attempt(s), clean, 5561+3413 tok
  223 Source in Authority — 3 attempt(s), clean, 5706+3396 tok
  224 Source in Will — 5 attempt(s), 2 hard flag(s) open, 8575+5851 tok
  225 Source in Wisdom — 5 attempt(s), 2 hard flag(s) open, 8601+6100 tok
  226 Source in Culture — 4 attempt(s), clean, 7132+4905 tok
  227 Source in Source — 3 attempt(s), clean, 5426+3311 tok
  228 Source in Drive — 4 attempt(s), clean, 7202+5144 tok
  229 Source in Compassion — 5 attempt(s), clean, 8823+6402 tok
  230 Source in Fortitude — 5 attempt(s), 1 hard flag(s) open, 8250+5719 tok
  231 Source in Faith — 4 attempt(s), clean, 7033+4561 tok
  232 Source in Equity — 5 attempt(s), clean, 8091+5427 tok
  233 Source in Transformation — 4 attempt(s), clean, 7369+4696 tok
  234 Source in Discipline — 5 attempt(s), 3 hard flag(s) open, 8928+6169 tok
  235 Source in Tune — 3 attempt(s), clean, 5755+3660 tok
  236 Source in Inspiration — 4 attempt(s), clean, 7020+4545 tok
  237 Source in Breakthrough — 4 attempt(s), clean, 6934+4204 tok
  238 Source in Abstraction — 5 attempt(s), 2 hard flag(s) open, 8193+5400 tok
  239 Source in Imagination — 5 attempt(s), 1 hard flag(s) open, 8377+5670 tok
  240 Source in Actualization — 4 attempt(s), clean, 7218+4853 tok
  241 Equity in Potential — 3 attempt(s), clean, 5759+3415 tok
  242 Source in Recognition — 5 attempt(s), 1 hard flag(s) open, 8208+5506 tok
  243 Source in Creation — 5 attempt(s), 1 hard flag(s) open, 5137+5246 tok
  244 Equity in Nurturing — 4 attempt(s), clean, 7306+5224 tok
  245 Equity in Wisdom — 5 attempt(s), clean, 8645+5980 tok
  246 Equity in Will — 5 attempt(s), clean, 8584+5984 tok
  247 Equity in Drive — 3 attempt(s), clean, 5708+3580 tok
  248 Equity in Authority — 4 attempt(s), clean, 6878+4384 tok
  249 Equity in Culture — 5 attempt(s), 1 hard flag(s) open, 8266+5574 tok
  250 Equity in Compassion — 5 attempt(s), 1 hard flag(s) open, 9058+6700 tok
  251 Equity in Fortitude — 5 attempt(s), 1 hard flag(s) open, 8651+6170 tok
  252 Equity in Equity — 5 attempt(s), 1 hard flag(s) open, 7737+5625 tok
  253 Equity in Discipline — 5 attempt(s), clean, 8367+6020 tok
  254 Equity in Transformation — 4 attempt(s), clean, 6836+4228 tok
  255 Equity in Source — 5 attempt(s), clean, 8073+5504 tok
  256 Equity in Faith — 5 attempt(s), 2 hard flag(s) open, 8404+5624 tok
  257 Equity in Breakthrough — 4 attempt(s), clean, 7067+4910 tok
  258 Equity in Tune — 5 attempt(s), 1 hard flag(s) open, 8364+5893 tok
  259 Equity in Imagination — 4 attempt(s), clean, 6567+4350 tok
  260 Equity in Abstraction — 5 attempt(s), 2 hard flag(s) open, 8784+6532 tok
  261 Equity in Actualization — 4 attempt(s), clean, 6945+4308 tok
  262 Equity in Recognition — 5 attempt(s), 1 hard flag(s) open, 8012+5779 tok
  263 Equity in Inspiration — 5 attempt(s), clean, 8678+6106 tok
  264 Equity in Creation — 5 attempt(s), 1 hard flag(s) open, 8969+6623 tok
  265 Faith in Nurturing — 3 attempt(s), clean, 5582+3477 tok
  266 Faith in Will — 4 attempt(s), clean, 7431+4912 tok
  267 Faith in Potential — 5 attempt(s), 1 hard flag(s) open, 8587+6185 tok
  268 Faith in Wisdom — 4 attempt(s), clean, 7249+4594 tok
  269 Faith in Authority — 5 attempt(s), 1 hard flag(s) open, 8379+5970 tok
  270 Faith in Discipline — 2 attempt(s), clean, 4199+2376 tok
  271 Faith in Culture — 5 attempt(s), clean, 8502+6116 tok
  272 Faith in Compassion — 5 attempt(s), 4 hard flag(s) open, 8811+6212 tok
  273 Faith in Drive — 4 attempt(s), clean, 7086+4626 tok
  274 Faith in Source — 4 attempt(s), clean, 6615+4218 tok
  275 Faith in Fortitude — 5 attempt(s), 2 hard flag(s) open, 8662+6012 tok
  276 Faith in Equity — 4 attempt(s), clean, 6981+4753 tok
  277 Faith in Faith — 5 attempt(s), clean, 8787+6292 tok
  278 Faith in Transformation — 5 attempt(s), 1 hard flag(s) open, 6097+6044 tok
  279 Faith in Abstraction — 5 attempt(s), 2 hard flag(s) open, 8066+5502 tok
  280 Faith in Tune — 5 attempt(s), 2 hard flag(s) open, 9074+6381 tok
  281 Faith in Inspiration — 4 attempt(s), clean, 6983+4480 tok
  282 Faith in Breakthrough — 5 attempt(s), clean, 8366+5928 tok
  283 Faith in Actualization — 5 attempt(s), 2 hard flag(s) open, 8727+6236 tok
  284 Faith in Imagination — 5 attempt(s), clean, 8782+6034 tok
  285 Faith in Recognition — 5 attempt(s), 1 hard flag(s) open, 8237+5464 tok
  286 Faith in Creation — 4 attempt(s), clean, 7095+4982 tok
  287 Transformation in Potential — 5 attempt(s), clean, 7857+5641 tok
  288 Transformation in Wisdom — 5 attempt(s), clean, 8369+6026 tok
  289 Transformation in Will — 5 attempt(s), 2 hard flag(s) open, 8762+5838 tok
  290 Transformation in Nurturing — 5 attempt(s), clean, 8740+6198 tok
  291 Transformation in Culture — 5 attempt(s), 3 hard flag(s) open, 8767+6243 tok
  292 Transformation in Authority — 5 attempt(s), 1 hard flag(s) open, 8634+5779 tok
  293 Transformation in Drive — 3 attempt(s), clean, 5747+3589 tok
  294 Transformation in Fortitude — 3 attempt(s), clean, 5610+3484 tok
  295 Transformation in Source — 3 attempt(s), clean, 5798+3631 tok
  296 Transformation in Equity — 4 attempt(s), clean, 6568+4103 tok
  297 Transformation in Compassion — 5 attempt(s), 1 hard flag(s) open, 9040+6842 tok
  298 Transformation in Discipline — 5 attempt(s), 1 hard flag(s) open, 8573+6456 tok
  299 Transformation in Tune — 3 attempt(s), clean, 5444+3349 tok
  300 Transformation in Transformation — 4 attempt(s), clean, 7148+4573 tok
  301 Transformation in Breakthrough — 3 attempt(s), clean, 5829+3643 tok
  302 Transformation in Faith — 5 attempt(s), clean, 5536+5477 tok
  303 Transformation in Abstraction — 5 attempt(s), 1 hard flag(s) open, 8529+5850 tok
  304 Transformation in Inspiration — 4 attempt(s), clean, 7471+4945 tok
  305 Transformation in Imagination — 4 attempt(s), clean, 6965+4681 tok
  306 Transformation in Recognition — 4 attempt(s), clean, 6754+4223 tok
  307 Transformation in Creation — 5 attempt(s), 3 hard flag(s) open, 8454+5710 tok
  308 Transformation in Actualization — 5 attempt(s), clean, 9080+6643 tok
  309 Tune in Will — 5 attempt(s), 1 hard flag(s) open, 8485+5899 tok
  310 Tune in Potential — 5 attempt(s), 1 hard flag(s) open, 8314+5706 tok
  311 Tune in Nurturing — 3 attempt(s), clean, 5944+3741 tok
  312 Tune in Authority — 5 attempt(s), 1 hard flag(s) open, 8220+5709 tok
  313 Tune in Culture — 4 attempt(s), clean, 7008+4792 tok
  314 Tune in Wisdom — 5 attempt(s), 2 hard flag(s) open, 9129+6984 tok
  315 Tune in Drive — 4 attempt(s), clean, 6410+4337 tok
  316 Tune in Compassion — 4 attempt(s), clean, 7007+4849 tok
  317 Tune in Fortitude — 5 attempt(s), clean, 8504+6197 tok
  318 Tune in Discipline — 5 attempt(s), 1 hard flag(s) open, 8366+6206 tok
  319 Tune in Faith — 3 attempt(s), clean, 5302+3456 tok
  320 Tune in Source — 5 attempt(s), 2 hard flag(s) open, 8341+5803 tok
  321 Tune in Transformation — 4 attempt(s), clean, 6749+4337 tok
  322 Tune in Tune — 4 attempt(s), clean, 6743+4467 tok
  323 Tune in Equity — 5 attempt(s), clean, 8230+5978 tok
  324 Tune in Abstraction — 5 attempt(s), 1 hard flag(s) open, 8755+6203 tok
  325 Tune in Breakthrough — 3 attempt(s), clean, 5446+3492 tok
  326 Tune in Inspiration — 4 attempt(s), clean, 7028+4664 tok
  327 Tune in Actualization — 5 attempt(s), clean, 8017+5647 tok
  328 Tune in Creation — 3 attempt(s), clean, 5592+3501 tok
  329 Tune in Imagination — 5 attempt(s), 3 hard flag(s) open, 8894+6303 tok
  330 Abstraction in Potential — 4 attempt(s), clean, 6920+4459 tok
  331 Tune in Recognition — 5 attempt(s), clean, 8360+5824 tok
  332 Abstraction in Wisdom — 4 attempt(s), clean, 3928+4065 tok
  333 Abstraction in Will — 5 attempt(s), 1 hard flag(s) open, 8844+6094 tok
  334 Abstraction in Nurturing — 4 attempt(s), clean, 7458+5585 tok
  335 Abstraction in Discipline — 3 attempt(s), clean, 5531+3358 tok
  336 Abstraction in Authority — 5 attempt(s), 3 hard flag(s) open, 8934+6622 tok
  337 Abstraction in Compassion — 5 attempt(s), 1 hard flag(s) open, 8461+5934 tok
  338 Abstraction in Culture — 5 attempt(s), clean, 9149+6685 tok
  339 Abstraction in Fortitude — 5 attempt(s), clean, 8203+5678 tok
  340 Abstraction in Drive — 5 attempt(s), 2 hard flag(s) open, 8500+5974 tok
  341 Abstraction in Equity — 3 attempt(s), clean, 5798+3616 tok
  342 Abstraction in Source — 5 attempt(s), 1 hard flag(s) open, 8315+5926 tok
  343 Abstraction in Transformation — 4 attempt(s), clean, 6633+4357 tok
  344 Abstraction in Faith — 4 attempt(s), clean, 6996+5032 tok
  345 Abstraction in Tune — 5 attempt(s), clean, 8255+5823 tok
  346 Abstraction in Abstraction — 5 attempt(s), clean, 8679+6262 tok
  347 Abstraction in Inspiration — 4 attempt(s), clean, 6714+4579 tok
  348 Abstraction in Imagination — 4 attempt(s), clean, 7014+4583 tok
  349 Abstraction in Breakthrough — 5 attempt(s), clean, 8140+5742 tok
  350 Abstraction in Actualization — 3 attempt(s), clean, 5695+3792 tok
  351 Abstraction in Creation — 4 attempt(s), clean, 6569+4364 tok
  352 Abstraction in Recognition — 5 attempt(s), 3 hard flag(s) open, 7890+5291 tok
  353 Breakthrough in Authority — 3 attempt(s), clean, 5331+3055 tok
  354 Breakthrough in Potential — 4 attempt(s), clean, 7038+4644 tok
  355 Breakthrough in Nurturing — 4 attempt(s), clean, 6592+4267 tok
  356 Breakthrough in Will — 5 attempt(s), clean, 8275+5835 tok
  357 Breakthrough in Wisdom — 5 attempt(s), 1 hard flag(s) open, 8495+5868 tok
  358 Breakthrough in Culture — 5 attempt(s), 1 hard flag(s) open, 8095+5721 tok
  359 Breakthrough in Fortitude — 3 attempt(s), clean, 5485+3541 tok
  360 Breakthrough in Compassion — 5 attempt(s), 1 hard flag(s) open, 8674+6040 tok
  361 Breakthrough in Drive — 5 attempt(s), 2 hard flag(s) open, 7256+4872 tok
  362 Breakthrough in Discipline — 5 attempt(s), 1 hard flag(s) open, 8351+5944 tok
  363 Breakthrough in Equity — 4 attempt(s), clean, 6748+4234 tok
  364 Breakthrough in Source — 5 attempt(s), 2 hard flag(s) open, 8356+5817 tok
  365 Breakthrough in Transformation — 4 attempt(s), clean, 6740+4390 tok
  366 Breakthrough in Faith — 5 attempt(s), 1 hard flag(s) open, 8398+5764 tok
  367 Breakthrough in Tune — 5 attempt(s), 1 hard flag(s) open, 8502+5742 tok
  368 Breakthrough in Abstraction — 5 attempt(s), 2 hard flag(s) open, 8378+5496 tok
  369 Breakthrough in Breakthrough — 5 attempt(s), 1 hard flag(s) open, 7787+5266 tok
  370 Breakthrough in Inspiration — 5 attempt(s), clean, 8203+5757 tok
  371 Breakthrough in Actualization — 4 attempt(s), clean, 7220+5028 tok
  372 Breakthrough in Imagination — 5 attempt(s), 2 hard flag(s) open, 8355+5374 tok
  373 Inspiration in Potential — 3 attempt(s), clean, 5490+3190 tok
  374 Breakthrough in Creation — 5 attempt(s), clean, 8273+5759 tok
  375 Breakthrough in Recognition — 5 attempt(s), 1 hard flag(s) open, 8308+5307 tok
  376 Inspiration in Authority — 3 attempt(s), clean, 5693+3665 tok
  377 Inspiration in Wisdom — 4 attempt(s), clean, 6836+4595 tok
  378 Inspiration in Will — 5 attempt(s), clean, 8450+5986 tok
  379 Inspiration in Nurturing — 4 attempt(s), clean, 7523+5024 tok
  380 Inspiration in Culture — 4 attempt(s), clean, 7556+5088 tok
  381 Inspiration in Compassion — 5 attempt(s), 1 hard flag(s) open, 7973+5285 tok
  382 Inspiration in Drive — 5 attempt(s), 1 hard flag(s) open, 7878+5498 tok
  383 Inspiration in Fortitude — 5 attempt(s), 4 hard flag(s) open, 8131+5534 tok
  384 Inspiration in Source — 5 attempt(s), 2 hard flag(s) open, 8503+5628 tok
  385 Inspiration in Discipline — 5 attempt(s), 1 hard flag(s) open, 8579+5942 tok
  386 Inspiration in Equity — 5 attempt(s), clean, 8475+5891 tok
  387 Inspiration in Faith — 5 attempt(s), clean, 8272+5452 tok
  388 Inspiration in Transformation — 4 attempt(s), clean, 6905+4531 tok
  389 Inspiration in Breakthrough — 3 attempt(s), clean, 5575+3727 tok
  390 Inspiration in Tune — 4 attempt(s), clean, 6906+4362 tok
  391 Inspiration in Abstraction — 5 attempt(s), 4 hard flag(s) open, 7917+4996 tok
  392 Imagination in Potential — 3 attempt(s), clean, 5506+3227 tok
  393 Inspiration in Inspiration — 4 attempt(s), clean, 7508+5388 tok
  394 Imagination in Will — 3 attempt(s), clean, 5690+3717 tok
  395 Inspiration in Creation — 4 attempt(s), clean, 6993+4706 tok
  396 Inspiration in Imagination — 5 attempt(s), 1 hard flag(s) open, 8875+6295 tok
  397 Inspiration in Actualization — 5 attempt(s), 1 hard flag(s) open, 8757+5950 tok
  398 Inspiration in Recognition — 5 attempt(s), clean, 8821+6643 tok
  399 Imagination in Wisdom — 5 attempt(s), 1 hard flag(s) open, 9131+6710 tok
  400 Imagination in Authority — 3 attempt(s), clean, 5726+3610 tok
  401 Imagination in Culture — 4 attempt(s), clean, 6920+4664 tok
  402 Imagination in Nurturing — 5 attempt(s), clean, 8187+5556 tok
  403 Imagination in Compassion — 5 attempt(s), 2 hard flag(s) open, 7778+5149 tok
  404 Imagination in Drive — 5 attempt(s), 2 hard flag(s) open, 8202+5816 tok
  405 Imagination in Fortitude — 5 attempt(s), 1 hard flag(s) open, 8964+5954 tok
  406 Imagination in Discipline — 5 attempt(s), 1 hard flag(s) open, 5272+5720 tok
  407 Imagination in Tune — 4 attempt(s), clean, 6948+4522 tok
  408 Imagination in Source — 5 attempt(s), 1 hard flag(s) open, 8584+5887 tok
  409 Imagination in Transformation — 5 attempt(s), 1 hard flag(s) open, 7856+4936 tok
  410 Imagination in Equity — 5 attempt(s), clean, 8684+6186 tok
  411 Imagination in Faith — 5 attempt(s), 2 hard flag(s) open, 8407+6108 tok
  412 Imagination in Abstraction — 4 attempt(s), clean, 7016+4734 tok
  413 Imagination in Inspiration — 4 attempt(s), clean, 6683+4392 tok
  414 Imagination in Breakthrough — 5 attempt(s), 1 hard flag(s) open, 8039+5308 tok
  415 Imagination in Actualization — 3 attempt(s), clean, 5374+3453 tok
  416 Imagination in Imagination — 4 attempt(s), clean, 6866+4599 tok
  417 Actualization in Will — 4 attempt(s), clean, 6918+4593 tok
  418 Actualization in Potential — 5 attempt(s), 1 hard flag(s) open, 8221+5432 tok
  419 Imagination in Creation — 4 attempt(s), clean, 7777+5626 tok
  420 Actualization in Wisdom — 4 attempt(s), clean, 6779+4410 tok
  421 Imagination in Recognition — 5 attempt(s), 5 hard flag(s) open, 9060+6482 tok
  422 Actualization in Nurturing — 4 attempt(s), clean, 7095+4582 tok
  423 Actualization in Culture — 3 attempt(s), clean, 5587+3675 tok
  424 Actualization in Authority — 5 attempt(s), clean, 8092+5582 tok
  425 Actualization in Drive — 4 attempt(s), clean, 6749+4329 tok
  426 Actualization in Compassion — 4 attempt(s), clean, 7108+4693 tok
  427 Actualization in Fortitude — 5 attempt(s), 1 hard flag(s) open, 8164+5639 tok
  428 Actualization in Source — 5 attempt(s), clean, 8443+5859 tok
  429 Actualization in Discipline — 5 attempt(s), 1 hard flag(s) open, 8398+5950 tok
  430 Actualization in Equity — 4 attempt(s), clean, 7118+4692 tok
  431 Actualization in Faith — 4 attempt(s), clean, 6788+4498 tok
  432 Actualization in Abstraction — 3 attempt(s), clean, 5535+3547 tok
  433 Actualization in Transformation — 5 attempt(s), clean, 8187+5532 tok
  434 Actualization in Tune — 5 attempt(s), 4 hard flag(s) open, 8794+6142 tok
  435 Actualization in Breakthrough — 5 attempt(s), 2 hard flag(s) open, 7710+5264 tok
  436 Actualization in Actualization — 5 attempt(s), clean, 8177+5670 tok
  437 Actualization in Imagination — 5 attempt(s), 2 hard flag(s) open, 8911+6436 tok
  438 Actualization in Inspiration — 5 attempt(s), clean, 8925+6220 tok
  439 Actualization in Recognition — 5 attempt(s), clean, 8243+5773 tok
  440 Actualization in Creation — 5 attempt(s), clean, 8328+5801 tok
  441 Recognition in Potential — 5 attempt(s), 1 hard flag(s) open, 8885+6294 tok
  442 Recognition in Wisdom — 4 attempt(s), clean, 4238+4673 tok
  443 Recognition in Will — 4 attempt(s), clean, 7287+4883 tok
  444 Recognition in Nurturing — 4 attempt(s), clean, 7129+4707 tok
  445 Recognition in Discipline — 2 attempt(s), clean, 4036+2112 tok
  446 Recognition in Culture — 5 attempt(s), 2 hard flag(s) open, 8187+5660 tok
  447 Recognition in Authority — 5 attempt(s), 3 hard flag(s) open, 8212+5704 tok
  448 Recognition in Compassion — 5 attempt(s), 2 hard flag(s) open, 8334+5735 tok
  449 Recognition in Source — 3 attempt(s), clean, 5305+3193 tok
  450 Recognition in Drive — 5 attempt(s), 1 hard flag(s) open, 8213+5691 tok
  451 Recognition in Fortitude — 4 attempt(s), clean, 7153+4739 tok
  452 Recognition in Abstraction — 3 attempt(s), clean, 5428+3099 tok
  453 Recognition in Equity — 5 attempt(s), clean, 7987+5475 tok
  454 Recognition in Inspiration — 3 attempt(s), clean, 2598+3330 tok
  455 Recognition in Tune — 5 attempt(s), clean, 8216+5674 tok
  456 Recognition in Faith — 5 attempt(s), 1 hard flag(s) open, 8388+5731 tok
  457 Recognition in Transformation — 5 attempt(s), 2 hard flag(s) open, 8485+5717 tok
  458 Recognition in Breakthrough — 5 attempt(s), 1 hard flag(s) open, 8172+5651 tok
  459 Recognition in Imagination — 4 attempt(s), clean, 7129+4584 tok
  460 Recognition in Actualization — 3 attempt(s), clean, 5600+3628 tok
  461 Creation in Potential — 3 attempt(s), clean, 5631+3380 tok
  462 Recognition in Recognition — 4 attempt(s), clean, 7401+5053 tok
  463 Recognition in Creation — 4 attempt(s), clean, 6906+4471 tok
  464 Creation in Nurturing — 3 attempt(s), clean, 5800+3540 tok
  465 Creation in Authority — 3 attempt(s), clean, 5666+3448 tok
  466 Creation in Wisdom — 4 attempt(s), clean, 7197+4678 tok
  467 Creation in Will — 5 attempt(s), clean, 7829+5284 tok
  468 Creation in Culture — 5 attempt(s), 1 hard flag(s) open, 8344+5618 tok
  469 Creation in Drive — 4 attempt(s), clean, 7092+4544 tok
  470 Creation in Compassion — 5 attempt(s), 1 hard flag(s) open, 8547+5783 tok
  471 Creation in Equity — 4 attempt(s), clean, 7157+4591 tok
  472 Creation in Fortitude — 5 attempt(s), 1 hard flag(s) open, 8244+5811 tok
  473 Creation in Discipline — 5 attempt(s), clean, 7853+5389 tok
  474 Creation in Source — 5 attempt(s), 1 hard flag(s) open, 8074+5634 tok
  475 Creation in Faith — 5 attempt(s), 1 hard flag(s) open, 8502+5649 tok
  476 Creation in Transformation — 5 attempt(s), 1 hard flag(s) open, 8319+5747 tok
  477 Creation in Tune — 5 attempt(s), 1 hard flag(s) open, 8453+5853 tok
  478 Creation in Breakthrough — 4 attempt(s), clean, 6998+4521 tok
  479 Creation in Inspiration — 4 attempt(s), clean, 6468+4104 tok
  480 Creation in Abstraction — 5 attempt(s), clean, 8205+5555 tok
  481 Creation in Imagination — 5 attempt(s), 1 hard flag(s) open, 7919+5415 tok
  482 Creation in Actualization — 4 attempt(s), clean, 7430+5299 tok
  483 Creation in Creation — 3 attempt(s), clean, 5515+3604 tok
  484 Creation in Recognition — 5 attempt(s), clean, 8378+6034 tok
  485 Activation in Culture — 3 attempt(s), clean, 5869+3408 tok
  486 Activation in Wisdom — 5 attempt(s), clean, 8636+5610 tok
  487 Activation in Will — 5 attempt(s), clean, 8954+6025 tok
  488 Activation in Nurturing — 5 attempt(s), 4 hard flag(s) open, 8882+5613 tok
  489 Activation in Potential — 5 attempt(s), 3 hard flag(s) open, 10093+6665 tok
  490 Activation in Authority — 5 attempt(s), 1 hard flag(s) open, 9151+5860 tok
  491 Activation in Compassion — 5 attempt(s), 1 hard flag(s) open, 8211+5457 tok
  492 Activation in Drive — 5 attempt(s), clean, 8902+5651 tok
  493 Activation in Fortitude — 5 attempt(s), 1 hard flag(s) open, 8242+5364 tok
  494 Activation in Faith — 4 attempt(s), clean, 7426+4593 tok
  495 Activation in Source — 5 attempt(s), 1 hard flag(s) open, 8652+5484 tok
  496 Activation in Discipline — 5 attempt(s), clean, 8699+5739 tok
  497 Activation in Tune — 4 attempt(s), clean, 7601+4895 tok
  498 Activation in Transformation — 5 attempt(s), clean, 8889+5964 tok
  499 Activation in Equity — 5 attempt(s), 2 hard flag(s) open, 9463+6201 tok
  500 Activation in Abstraction — 5 attempt(s), clean, 8655+5750 tok
  501 Activation in Actualization — 3 attempt(s), clean, 6152+3419 tok
  502 Activation in Inspiration — 5 attempt(s), 1 hard flag(s) open, 20413+5731 tok
  503 Activation in Recognition — 3 attempt(s), clean, 6145+3131 tok
  504 Activation in Breakthrough — 5 attempt(s), clean, 18522+6058 tok
  505 Activation in Imagination — 5 attempt(s), 2 hard flag(s) open, 9013+5843 tok
  506 Activation in Creation — 4 attempt(s), clean, 7275+4449 tok
  507 Orientation in Potential — 5 attempt(s), 2 hard flag(s) open, 8880+5616 tok
  508 Orientation in Wisdom — 5 attempt(s), clean, 13809+5259 tok
  509 Orientation in Nurturing — 4 attempt(s), clean, 7373+4705 tok
  510 Orientation in Will — 5 attempt(s), 1 hard flag(s) open, 8963+5856 tok
  511 Orientation in Culture — 5 attempt(s), 3 hard flag(s) open, 8877+5708 tok
  512 Orientation in Authority — 5 attempt(s), clean, 8906+5505 tok
  513 Orientation in Compassion — 5 attempt(s), 3 hard flag(s) open, 8895+5653 tok
  514 Orientation in Drive — 4 attempt(s), clean, 7790+4924 tok
  515 Orientation in Fortitude — 5 attempt(s), clean, 8581+5717 tok
  516 Orientation in Source — 4 attempt(s), clean, 7922+4678 tok
  517 Orientation in Discipline — 5 attempt(s), 4 hard flag(s) open, 8584+5312 tok
  518 Orientation in Equity — 5 attempt(s), clean, 9277+5645 tok
  519 Orientation in Faith — 4 attempt(s), clean, 7723+4605 tok
  520 Orientation in Tune — 4 attempt(s), clean, 7449+4462 tok
  521 Orientation in Transformation — 5 attempt(s), 1 hard flag(s) open, 8601+5319 tok
  522 Orientation in Abstraction — 5 attempt(s), clean, 8764+5757 tok
  523 Orientation in Breakthrough — 5 attempt(s), clean, 8950+6154 tok
  524 Orientation in Inspiration — 5 attempt(s), 2 hard flag(s) open, 9025+6008 tok
  525 Orientation in Imagination — 5 attempt(s), 3 hard flag(s) open, 9605+6403 tok
  526 Orientation in Recognition — 5 attempt(s), 2 hard flag(s) open, 9026+5717 tok
  527 Orientation in Creation — 4 attempt(s), clean, 7994+5006 tok
  528 Orientation in Actualization — 5 attempt(s), clean, 9233+6085 tok
  529 Assertion in Potential — 5 attempt(s), 2 hard flag(s) open, 9255+6115 tok
  530 Assertion in Will — 5 attempt(s), clean, 8825+5603 tok
  531 Assertion in Wisdom — 5 attempt(s), 1 hard flag(s) open, 8964+6009 tok
  532 Assertion in Nurturing — 4 attempt(s), clean, 7725+4809 tok
  533 Assertion in Authority — 5 attempt(s), 1 hard flag(s) open, 8723+5985 tok
  534 Assertion in Compassion — 4 attempt(s), clean, 7942+5099 tok
  535 Assertion in Drive — 5 attempt(s), 3 hard flag(s) open, 8575+5219 tok
  536 Assertion in Culture — 5 attempt(s), 2 hard flag(s) open, 9279+6222 tok
  537 Assertion in Fortitude — 5 attempt(s), 1 hard flag(s) open, 8916+5442 tok
  538 Assertion in Discipline — 4 attempt(s), clean, 7491+4773 tok
  539 Assertion in Source — 5 attempt(s), clean, 9881+6376 tok
  540 Assertion in Faith — 4 attempt(s), clean, 7776+4967 tok
  541 Assertion in Equity — 5 attempt(s), clean, 9604+6814 tok
  542 Assertion in Abstraction — 5 attempt(s), clean, 8007+4894 tok
  543 Assertion in Tune — 5 attempt(s), clean, 8604+5448 tok
  544 Assertion in Transformation — 5 attempt(s), clean, 8983+5976 tok
  545 Assertion in Breakthrough — 5 attempt(s), clean, 8675+5458 tok
  546 Assertion in Inspiration — 5 attempt(s), 1 hard flag(s) open, 8961+5921 tok
  547 Assertion in Creation — 3 attempt(s), clean, 6272+3508 tok
  548 Assertion in Actualization — 4 attempt(s), clean, 7447+4502 tok
  549 Alignment in Will — 3 attempt(s), clean, 6019+3306 tok
  550 Alignment in Potential — 4 attempt(s), clean, 7790+4841 tok
  551 Assertion in Imagination — 5 attempt(s), 1 hard flag(s) open, 9803+6752 tok
  552 Assertion in Recognition — 5 attempt(s), 1 hard flag(s) open, 9016+6100 tok
  553 Alignment in Wisdom — 5 attempt(s), clean, 8941+5879 tok
  554 Alignment in Nurturing — 5 attempt(s), clean, 8874+5770 tok
  555 Alignment in Compassion — 3 attempt(s), clean, 5896+3405 tok
  556 Alignment in Culture — 4 attempt(s), clean, 7768+4862 tok
  557 Alignment in Drive — 3 attempt(s), clean, 6133+3631 tok
  558 Alignment in Authority — 5 attempt(s), 2 hard flag(s) open, 8842+6084 tok
  559 Alignment in Fortitude — 3 attempt(s), clean, 6128+3580 tok
  560 Alignment in Discipline — 4 attempt(s), clean, 7594+4698 tok
  561 Alignment in Faith — 4 attempt(s), clean, 7018+4074 tok
  562 Alignment in Equity — 4 attempt(s), clean, 7409+4690 tok
  563 Alignment in Transformation — 4 attempt(s), clean, 7656+5001 tok
  564 Alignment in Source — 5 attempt(s), clean, 8766+5545 tok
  565 Alignment in Breakthrough — 3 attempt(s), clean, 6272+3577 tok
  566 Alignment in Tune — 5 attempt(s), 2 hard flag(s) open, 8733+5471 tok
  567 Alignment in Imagination — 3 attempt(s), clean, 6192+3548 tok
  568 Alignment in Abstraction — 5 attempt(s), clean, 9133+6207 tok
  569 Alignment in Inspiration — 5 attempt(s), clean, 8890+5750 tok
  570 Alignment in Actualization — 4 attempt(s), clean, 7804+4924 tok
  571 Alignment in Recognition — 4 attempt(s), clean, 7602+4775 tok
  572 Alignment in Creation — 5 attempt(s), 1 hard flag(s) open, 8411+5649 tok
  573 Dedication in Potential — 5 attempt(s), 1 hard flag(s) open, 8753+5795 tok
  574 Dedication in Will — 5 attempt(s), clean, 8331+5401 tok
  575 Dedication in Nurturing — 3 attempt(s), clean, 6584+3972 tok
  576 Dedication in Wisdom — 5 attempt(s), 1 hard flag(s) open, 8395+5107 tok
  577 Dedication in Authority — 4 attempt(s), clean, 7624+4641 tok
  578 Dedication in Culture — 5 attempt(s), 1 hard flag(s) open, 9224+6098 tok
  579 Dedication in Drive — 4 attempt(s), clean, 7605+4572 tok
  580 Dedication in Compassion — 5 attempt(s), 1 hard flag(s) open, 9140+5780 tok
  581 Dedication in Fortitude — 5 attempt(s), 1 hard flag(s) open, 8959+5574 tok
  582 Dedication in Equity — 4 attempt(s), clean, 7154+4279 tok
  583 Dedication in Discipline — 5 attempt(s), 1 hard flag(s) open, 9086+6167 tok
  584 Dedication in Source — 5 attempt(s), 1 hard flag(s) open, 9699+6756 tok
  585 Dedication in Transformation — 4 attempt(s), clean, 7669+4747 tok
  586 Dedication in Faith — 5 attempt(s), 2 hard flag(s) open, 9709+6584 tok
  587 Dedication in Tune — 4 attempt(s), clean, 7315+4482 tok
  588 Dedication in Breakthrough — 4 attempt(s), clean, 7362+4352 tok
  589 Dedication in Abstraction — 5 attempt(s), 3 hard flag(s) open, 8310+5313 tok
  590 Dedication in Inspiration — 5 attempt(s), clean, 8641+5685 tok
  591 Dedication in Actualization — 5 attempt(s), clean, 8255+5556 tok
  592 Dedication in Recognition — 4 attempt(s), clean, 7632+4717 tok
  593 Dedication in Creation — 4 attempt(s), clean, 7474+4568 tok
  594 Honor in Potential — 4 attempt(s), clean, 8017+4975 tok
  595 Dedication in Imagination — 5 attempt(s), 1 hard flag(s) open, 8479+5215 tok
  596 Honor in Wisdom — 4 attempt(s), clean, 7538+4379 tok
  597 Honor in Will — 5 attempt(s), clean, 9598+6570 tok
  598 Honor in Nurturing — 5 attempt(s), 1 hard flag(s) open, 8974+5545 tok
  599 Honor in Authority — 5 attempt(s), 1 hard flag(s) open, 8680+5851 tok
  600 Honor in Compassion — 4 attempt(s), clean, 7709+4950 tok
  601 Honor in Fortitude — 5 attempt(s), 5 hard flag(s) open, 9026+5241 tok
  602 Honor in Culture — 5 attempt(s), 2 hard flag(s) open, 9302+6152 tok
  603 Honor in Drive — 5 attempt(s), clean, 9440+6576 tok
  604 Honor in Discipline — 4 attempt(s), clean, 7862+4973 tok
  605 Honor in Source — 5 attempt(s), clean, 8913+5376 tok
  606 Honor in Equity — 4 attempt(s), clean, 7199+4504 tok
  607 Honor in Abstraction — 3 attempt(s), clean, 6178+3486 tok
  608 Honor in Inspiration — 3 attempt(s), clean, 6257+3338 tok
  609 Honor in Transformation — 5 attempt(s), clean, 8794+5746 tok
  610 Honor in Faith — 5 attempt(s), clean, 8961+5829 tok
  611 Honor in Tune — 5 attempt(s), 1 hard flag(s) open, 9208+6146 tok
  612 Honor in Breakthrough — 4 attempt(s), clean, 7694+4766 tok
  613 Honor in Imagination — 5 attempt(s), clean, 8610+5531 tok
  614 Honor in Actualization — 5 attempt(s), clean, 9095+5681 tok
  615 Resolve in Wisdom — 3 attempt(s), clean, 6009+3504 tok
  616 Honor in Recognition — 5 attempt(s), 4 hard flag(s) open, 8375+5657 tok
  617 Honor in Creation — 5 attempt(s), 1 hard flag(s) open, 9123+5989 tok
  618 Resolve in Nurturing — 4 attempt(s), clean, 7104+4115 tok
  619 Resolve in Potential — 5 attempt(s), 3 hard flag(s) open, 8939+5828 tok
  620 Resolve in Will — 5 attempt(s), clean, 8826+5659 tok
  621 Resolve in Authority — 4 attempt(s), clean, 7091+4320 tok
  622 Resolve in Culture — 4 attempt(s), clean, 6993+4175 tok
  623 Resolve in Compassion — 3 attempt(s), clean, 6163+3582 tok
  624 Resolve in Discipline — 4 attempt(s), clean, 7563+4727 tok
  625 Resolve in Drive — 5 attempt(s), clean, 8706+5590 tok
  626 Resolve in Source — 4 attempt(s), clean, 7516+4828 tok
  627 Resolve in Fortitude — 5 attempt(s), clean, 8775+5943 tok
  628 Resolve in Equity — 5 attempt(s), 1 hard flag(s) open, 8661+5549 tok
  629 Resolve in Faith — 4 attempt(s), clean, 7242+4614 tok
  630 Resolve in Transformation — 4 attempt(s), clean, 7325+4417 tok
  631 Resolve in Tune — 5 attempt(s), clean, 8598+5892 tok
  632 Resolve in Imagination — 4 attempt(s), clean, 7429+4530 tok
  633 Resolve in Breakthrough — 5 attempt(s), 2 hard flag(s) open, 8866+6005 tok
  634 Resolve in Recognition — 3 attempt(s), clean, 6203+3829 tok
  635 Resolve in Abstraction — 5 attempt(s), clean, 8963+5823 tok
  636 Resolve in Inspiration — 5 attempt(s), 1 hard flag(s) open, 8757+5667 tok
  637 Resolve in Actualization — 4 attempt(s), clean, 8033+5153 tok
  638 Resolve in Creation — 5 attempt(s), 1 hard flag(s) open, 8722+5940 tok
  639 Command in Authority — 3 attempt(s), clean, 5866+3384 tok
  640 Command in Potential — 5 attempt(s), 2 hard flag(s) open, 8822+5613 tok
  641 Command in Wisdom — 4 attempt(s), clean, 7402+4320 tok
  642 Command in Compassion — 3 attempt(s), clean, 6256+3501 tok
  643 Command in Will — 5 attempt(s), clean, 8921+5611 tok
  644 Command in Culture — 5 attempt(s), 2 hard flag(s) open, 8384+5513 tok
  645 Command in Nurturing — 5 attempt(s), clean, 9117+5914 tok
  646 Command in Drive — 5 attempt(s), clean, 9340+6183 tok
  647 Command in Fortitude — 5 attempt(s), 3 hard flag(s) open, 8633+5583 tok
  648 Command in Source — 4 attempt(s), clean, 7213+4364 tok
  649 Command in Discipline — 5 attempt(s), 2 hard flag(s) open, 9219+5936 tok
  650 Command in Equity — 4 attempt(s), clean, 7653+4847 tok
  651 Command in Faith — 5 attempt(s), 2 hard flag(s) open, 8261+5103 tok
  652 Command in Transformation — 5 attempt(s), clean, 8383+5338 tok
  653 Command in Tune — 5 attempt(s), 2 hard flag(s) open, 9145+5843 tok
  654 Command in Abstraction — 4 attempt(s), clean, 7530+4559 tok
  655 Command in Breakthrough — 5 attempt(s), clean, 9010+5974 tok
  656 Command in Creation — 3 attempt(s), clean, 5834+3281 tok
  657 Command in Inspiration — 5 attempt(s), 2 hard flag(s) open, 9015+5840 tok
  658 Command in Recognition — 4 attempt(s), clean, 7541+4718 tok
  659 Command in Actualization — 5 attempt(s), 3 hard flag(s) open, 9043+6225 tok
  660 Command in Imagination — 5 attempt(s), 3 hard flag(s) open, 9433+6477 tok
  661 Resilience in Potential — 5 attempt(s), clean, 8767+5619 tok
  662 Resilience in Will — 5 attempt(s), 4 hard flag(s) open, 8763+5445 tok
  663 Resilience in Authority — 3 attempt(s), clean, 5946+3426 tok
  664 Resilience in Nurturing — 5 attempt(s), clean, 8936+6045 tok
  665 Resilience in Wisdom — 5 attempt(s), clean, 8397+5690 tok
  666 Resilience in Culture — 4 attempt(s), clean, 7426+4545 tok
  667 Resilience in Drive — 4 attempt(s), clean, 7801+4911 tok
  668 Resilience in Compassion — 5 attempt(s), 4 hard flag(s) open, 9265+5941 tok
  669 Resilience in Fortitude — 5 attempt(s), 1 hard flag(s) open, 9087+6081 tok
  670 Resilience in Discipline — 5 attempt(s), 2 hard flag(s) open, 8472+5490 tok
  671 Resilience in Source — 5 attempt(s), clean, 9005+6252 tok
  672 Resilience in Faith — 5 attempt(s), clean, 8749+5679 tok
  673 Resilience in Equity — 5 attempt(s), 1 hard flag(s) open, 8454+5297 tok
  674 Resilience in Transformation — 5 attempt(s), clean, 8720+5411 tok
  675 Resilience in Abstraction — 4 attempt(s), clean, 7360+4467 tok
  676 Resilience in Tune — 5 attempt(s), 3 hard flag(s) open, 8800+5571 tok
  677 Realization in Potential — 3 attempt(s), clean, 5998+3358 tok
  678 Resilience in Breakthrough — 5 attempt(s), clean, 9072+5646 tok
  679 Resilience in Recognition — 3 attempt(s), clean, 6704+4033 tok
  680 Resilience in Inspiration — 5 attempt(s), 1 hard flag(s) open, 8997+5589 tok
  681 Resilience in Imagination — 5 attempt(s), clean, 9215+6087 tok
  682 Resilience in Actualization — 5 attempt(s), 1 hard flag(s) open, 8137+5149 tok
  683 Resilience in Creation — 5 attempt(s), 1 hard flag(s) open, 8955+5646 tok
  684 Realization in Will — 5 attempt(s), 1 hard flag(s) open, 8997+5576 tok
  685 Realization in Nurturing — 4 attempt(s), clean, 7417+4510 tok
  686 Realization in Compassion — 4 attempt(s), clean, 7174+4138 tok
  687 Realization in Wisdom — 5 attempt(s), 1 hard flag(s) open, 8769+5458 tok
  688 Realization in Drive — 5 attempt(s), 1 hard flag(s) open, 8934+5001 tok
  689 Realization in Authority — 5 attempt(s), 1 hard flag(s) open, 9049+5937 tok
  690 Realization in Culture — 5 attempt(s), clean, 9252+6209 tok
  691 Realization in Discipline — 3 attempt(s), clean, 6111+3313 tok
  692 Realization in Fortitude — 5 attempt(s), clean, 9444+6170 tok
  693 Realization in Source — 4 attempt(s), clean, 7674+4967 tok
  694 Realization in Faith — 4 attempt(s), clean, 7545+4379 tok
  695 Realization in Equity — 5 attempt(s), clean, 8683+5430 tok
  696 Realization in Tune — 4 attempt(s), clean, 7103+4282 tok
  697 Realization in Breakthrough — 4 attempt(s), clean, 7487+4262 tok
  698 Realization in Transformation — 4 attempt(s), clean, 7395+4500 tok
  699 Realization in Abstraction — 4 attempt(s), clean, 7869+5096 tok
  700 Realization in Inspiration — 5 attempt(s), 4 hard flag(s) open, 8585+5262 tok
  701 Realization in Creation — 3 attempt(s), clean, 6167+3524 tok
  702 Realization in Recognition — 4 attempt(s), clean, 7341+4521 tok
  703 Perception in Will — 3 attempt(s), clean, 6189+3457 tok
  704 Realization in Imagination — 5 attempt(s), clean, 8784+5630 tok
  705 Realization in Actualization — 5 attempt(s), 1 hard flag(s) open, 8402+5435 tok
  706 Perception in Potential — 5 attempt(s), 1 hard flag(s) open, 8929+6136 tok
  707 Perception in Nurturing — 5 attempt(s), 1 hard flag(s) open, 8631+5653 tok
  708 Perception in Wisdom — 5 attempt(s), clean, 8483+5093 tok
  709 Perception in Authority — 3 attempt(s), clean, 6110+3415 tok
  710 Perception in Compassion — 5 attempt(s), 1 hard flag(s) open, 8031+5299 tok
  711 Perception in Culture — 5 attempt(s), clean, 8810+5734 tok
  712 Perception in Drive — 5 attempt(s), clean, 8965+5983 tok
  713 Perception in Fortitude — 5 attempt(s), clean, 8908+5917 tok
  714 Perception in Discipline — 5 attempt(s), clean, 8464+5415 tok
  715 Perception in Source — 4 attempt(s), clean, 7059+4019 tok
  716 Perception in Equity — 4 attempt(s), clean, 7313+4653 tok
  717 Perception in Faith — 4 attempt(s), clean, 7245+4312 tok
  718 Perception in Tune — 5 attempt(s), 1 hard flag(s) open, 8527+5209 tok
  719 Perception in Transformation — 5 attempt(s), clean, 8729+5808 tok
  720 Perception in Actualization — 4 attempt(s), clean, 7395+4345 tok
  721 Perception in Imagination — 5 attempt(s), 3 hard flag(s) open, 8774+5218 tok
  722 Perception in Abstraction — 5 attempt(s), 1 hard flag(s) open, 9303+6208 tok
  723 Perception in Recognition — 4 attempt(s), clean, 7542+4766 tok
  724 Perception in Breakthrough — 5 attempt(s), 1 hard flag(s) open, 9096+6060 tok
  725 Perception in Inspiration — 5 attempt(s), 1 hard flag(s) open, 9598+6346 tok
  726 Reflection in Authority — 3 attempt(s), clean, 5857+3025 tok
  727 Reflection in Potential — 4 attempt(s), clean, 7874+4785 tok
  728 Perception in Creation — 5 attempt(s), 1 hard flag(s) open, 9101+5907 tok
  729 Reflection in Will — 4 attempt(s), clean, 7762+4657 tok
  730 Reflection in Nurturing — 5 attempt(s), 3 hard flag(s) open, 8288+5058 tok
  731 Reflection in Wisdom — 5 attempt(s), clean, 9143+6023 tok
  732 Reflection in Compassion — 4 attempt(s), clean, 7276+4368 tok
  733 Reflection in Culture — 5 attempt(s), 2 hard flag(s) open, 9135+5681 tok
  734 Reflection in Drive — 5 attempt(s), 1 hard flag(s) open, 8844+5853 tok
  735 Reflection in Equity — 4 attempt(s), clean, 7332+4435 tok
  736 Reflection in Fortitude — 5 attempt(s), clean, 9400+6580 tok
  737 Reflection in Faith — 4 attempt(s), clean, 7265+4444 tok
  738 Reflection in Transformation — 4 attempt(s), clean, 7242+4373 tok
  739 Reflection in Source — 5 attempt(s), clean, 8855+5573 tok
  740 Reflection in Discipline — 5 attempt(s), 1 hard flag(s) open, 9695+6794 tok
  741 Reflection in Tune — 5 attempt(s), 3 hard flag(s) open, 8749+5626 tok
  742 Reflection in Breakthrough — 3 attempt(s), clean, 6077+3391 tok
  743 Reflection in Abstraction — 5 attempt(s), clean, 9418+6172 tok
  744 Reflection in Imagination — 5 attempt(s), 1 hard flag(s) open, 8637+5634 tok
  745 Reflection in Recognition — 5 attempt(s), 2 hard flag(s) open, 8317+5217 tok
  746 Reflection in Inspiration — 5 attempt(s), 1 hard flag(s) open, 8777+5690 tok
  747 Reflection in Actualization — 5 attempt(s), 4 hard flag(s) open, 9282+6271 tok
  748 Reflection in Creation — 4 attempt(s), clean, 8045+4762 tok
  749 Calculation in Potential — 5 attempt(s), 3 hard flag(s) open, 8602+5635 tok
  750 Calculation in Wisdom — 4 attempt(s), clean, 7142+4422 tok
  751 Calculation in Will — 5 attempt(s), 2 hard flag(s) open, 9336+5954 tok
  752 Calculation in Nurturing — 4 attempt(s), clean, 7875+5122 tok
  753 Calculation in Authority — 5 attempt(s), clean, 8326+5337 tok
  754 Calculation in Drive — 4 attempt(s), clean, 7822+5104 tok
  755 Calculation in Compassion — 5 attempt(s), clean, 8935+5828 tok
  756 Calculation in Culture — 5 attempt(s), 1 hard flag(s) open, 9540+6684 tok
  757 Calculation in Discipline — 3 attempt(s), clean, 6255+3486 tok
  758 Calculation in Fortitude — 4 attempt(s), clean, 7640+4798 tok
  759 Calculation in Source — 3 attempt(s), clean, 5947+3516 tok
  760 Calculation in Faith — 3 attempt(s), clean, 6187+3407 tok
  761 Calculation in Equity — 5 attempt(s), 1 hard flag(s) open, 8969+6091 tok
  762 Calculation in Transformation — 5 attempt(s), clean, 8742+5598 tok
  763 Calculation in Tune — 5 attempt(s), clean, 8598+5501 tok
  764 Calculation in Breakthrough — 5 attempt(s), clean, 8182+5159 tok
  765 Calculation in Abstraction — 4 attempt(s), clean, 7489+4574 tok
  766 Calculation in Inspiration — 5 attempt(s), clean, 8783+5646 tok
  767 Calculation in Actualization — 4 attempt(s), clean, 7328+4673 tok
  768 Calculation in Imagination — 5 attempt(s), 1 hard flag(s) open, 8980+6090 tok
  769 Calculation in Recognition — 5 attempt(s), 1 hard flag(s) open, 8547+5822 tok
  770 Calculation in Creation — 5 attempt(s), 1 hard flag(s) open, 8992+5935 tok
  771 Repose in Will — 4 attempt(s), clean, 7475+4734 tok
  772 Repose in Wisdom — 4 attempt(s), clean, 7332+4156 tok
  773 Repose in Potential — 4 attempt(s), clean, 7454+4589 tok
  774 Repose in Authority — 3 attempt(s), clean, 5865+3437 tok
  775 Repose in Nurturing — 5 attempt(s), 1 hard flag(s) open, 8776+5532 tok
  776 Repose in Culture — 5 attempt(s), 1 hard flag(s) open, 9151+6206 tok
  777 Repose in Source — 3 attempt(s), clean, 6081+3329 tok
  778 Repose in Compassion — 4 attempt(s), clean, 7720+5000 tok
  779 Repose in Discipline — 4 attempt(s), clean, 7431+4831 tok
  780 Repose in Faith — 3 attempt(s), clean, 6096+3306 tok
  781 Repose in Fortitude — 5 attempt(s), clean, 8933+5799 tok
  782 Repose in Equity — 4 attempt(s), clean, 7832+4940 tok
  783 Repose in Drive — 5 attempt(s), clean, 8749+5831 tok
  784 Repose in Transformation — 5 attempt(s), 1 hard flag(s) open, 9363+6506 tok
  785 Repose in Tune — 5 attempt(s), 1 hard flag(s) open, 8752+5653 tok
  786 Repose in Abstraction — 5 attempt(s), 1 hard flag(s) open, 8754+5796 tok
  787 Repose in Actualization — 3 attempt(s), clean, 6357+3820 tok
  788 Repose in Recognition — 3 attempt(s), clean, 5978+3449 tok
  789 Repose in Breakthrough — 5 attempt(s), clean, 8992+5793 tok
  790 Repose in Inspiration — 5 attempt(s), 1 hard flag(s) open, 8897+5863 tok
  791 Repose in Imagination — 5 attempt(s), clean, 8519+5564 tok
  792 Repose in Creation — 4 attempt(s), clean, 7692+4962 tok
  793 Honing in Will — 4 attempt(s), clean, 7657+4748 tok
  794 Honing in Nurturing — 5 attempt(s), clean, 8672+5791 tok
  795 Honing in Wisdom — 5 attempt(s), 3 hard flag(s) open, 8844+6064 tok
  796 Honing in Authority — 5 attempt(s), clean, 8878+6081 tok
  797 Honing in Potential — 5 attempt(s), 1 hard flag(s) open, 9432+6229 tok
  798 Honing in Culture — 5 attempt(s), clean, 8678+5685 tok
  799 Honing in Compassion — 5 attempt(s), clean, 9378+6605 tok
  800 Honing in Fortitude — 4 attempt(s), clean, 7799+4595 tok
  801 Honing in Discipline — 4 attempt(s), clean, 6845+3999 tok
  802 Honing in Drive — 5 attempt(s), clean, 8790+5889 tok
  803 Honing in Transformation — 4 attempt(s), clean, 7511+4592 tok
  804 Honing in Source — 5 attempt(s), clean, 9119+5937 tok
  805 Honing in Faith — 5 attempt(s), 2 hard flag(s) open, 8586+5260 tok
  806 Honing in Equity — 5 attempt(s), clean, 9226+6250 tok
  807 Honing in Tune — 4 attempt(s), clean, 7391+4664 tok
  808 Honing in Abstraction — 5 attempt(s), clean, 8774+5882 tok
  809 Honing in Inspiration — 5 attempt(s), clean, 8504+5629 tok
  810 Honing in Breakthrough — 5 attempt(s), clean, 9247+6402 tok
  811 Honing in Actualization — 4 attempt(s), clean, 7200+4401 tok
  812 Guidance in Potential — 4 attempt(s), clean, 7477+4579 tok
  813 Honing in Imagination — 4 attempt(s), clean, 8053+5270 tok
  814 Honing in Recognition — 5 attempt(s), 1 hard flag(s) open, 8686+5585 tok
  815 Honing in Creation — 5 attempt(s), 4 hard flag(s) open, 8281+5606 tok
  816 Guidance in Will — 3 attempt(s), clean, 6138+3660 tok
  817 Guidance in Wisdom — 5 attempt(s), clean, 8444+5472 tok
  818 Guidance in Nurturing — 5 attempt(s), 1 hard flag(s) open, 8491+5538 tok
  819 Guidance in Authority — 5 attempt(s), 1 hard flag(s) open, 8555+5887 tok
  820 Guidance in Fortitude — 4 attempt(s), clean, 7360+4349 tok
  821 Guidance in Compassion — 4 attempt(s), clean, 7699+4694 tok
  822 Guidance in Culture — 5 attempt(s), 1 hard flag(s) open, 8998+6370 tok
  823 Guidance in Drive — 5 attempt(s), 1 hard flag(s) open, 9319+6337 tok
  824 Guidance in Discipline — 5 attempt(s), 1 hard flag(s) open, 8865+5671 tok
  825 Guidance in Equity — 3 attempt(s), clean, 6108+3538 tok
  826 Guidance in Source — 4 attempt(s), clean, 7537+4528 tok
  827 Guidance in Faith — 4 attempt(s), clean, 7170+4235 tok
  828 Guidance in Abstraction — 3 attempt(s), clean, 6041+3565 tok
  829 Guidance in Tune — 5 attempt(s), 1 hard flag(s) open, 8519+5585 tok
  830 Guidance in Transformation — 5 attempt(s), 1 hard flag(s) open, 8637+5434 tok
  831 Guidance in Breakthrough — 5 attempt(s), 2 hard flag(s) open, 9041+5889 tok
  832 Guidance in Creation — 3 attempt(s), clean, 5649+2890 tok
  833 Guidance in Imagination — 5 attempt(s), 2 hard flag(s) open, 8290+5084 tok
  834 Guidance in Inspiration — 5 attempt(s), 1 hard flag(s) open, 9137+5921 tok
  835 Guidance in Recognition — 4 attempt(s), clean, 7105+4371 tok
  836 Guidance in Actualization — 5 attempt(s), 1 hard flag(s) open, 9014+6148 tok
  837 Reconciliation in Potential — 4 attempt(s), clean, 7175+4522 tok
  838 Reconciliation in Will — 4 attempt(s), clean, 7093+4431 tok
  839 Reconciliation in Authority — 3 attempt(s), clean, 5891+3416 tok
  840 Reconciliation in Nurturing — 4 attempt(s), clean, 7457+4622 tok
  841 Reconciliation in Culture — 4 attempt(s), clean, 7270+4734 tok
  842 Reconciliation in Wisdom — 5 attempt(s), 1 hard flag(s) open, 8775+6102 tok
  843 Reconciliation in Fortitude — 4 attempt(s), clean, 7119+4299 tok
  844 Reconciliation in Compassion — 5 attempt(s), clean, 9373+6477 tok
  845 Reconciliation in Drive — 5 attempt(s), 2 hard flag(s) open, 8760+5785 tok
  846 Reconciliation in Discipline — 5 attempt(s), clean, 8385+5470 tok
  847 Reconciliation in Source — 3 attempt(s), clean, 6050+3707 tok
  848 Reconciliation in Equity — 3 attempt(s), clean, 6000+3566 tok
  849 Reconciliation in Breakthrough — 2 attempt(s), clean, 4762+2500 tok
  850 Reconciliation in Tune — 4 attempt(s), clean, 7630+4609 tok
  851 Reconciliation in Faith — 5 attempt(s), clean, 8816+6140 tok
  852 Reconciliation in Transformation — 5 attempt(s), clean, 8637+5673 tok
  853 Reconciliation in Abstraction — 5 attempt(s), 1 hard flag(s) open, 8733+5816 tok
  854 Reconciliation in Imagination — 5 attempt(s), clean, 8450+5547 tok
  855 Reconciliation in Actualization — 4 attempt(s), clean, 7421+4833 tok
  856 Reconciliation in Inspiration — 5 attempt(s), 1 hard flag(s) open, 9115+6209 tok
  857 Reconciliation in Creation — 3 attempt(s), clean, 5940+3433 tok
  858 Immersion in Potential — 4 attempt(s), clean, 7190+4272 tok
  859 Reconciliation in Recognition — 5 attempt(s), 1 hard flag(s) open, 9101+5943 tok
  860 Immersion in Wisdom — 4 attempt(s), clean, 7468+4363 tok
  861 Immersion in Will — 5 attempt(s), 2 hard flag(s) open, 9184+5788 tok
  862 Immersion in Authority — 4 attempt(s), clean, 7676+4855 tok
  863 Immersion in Nurturing — 5 attempt(s), clean, 8836+5710 tok
  864 Immersion in Compassion — 4 attempt(s), clean, 7187+4296 tok
  865 Immersion in Culture — 5 attempt(s), 1 hard flag(s) open, 9236+6382 tok
  866 Immersion in Drive — 4 attempt(s), clean, 7374+4408 tok
  867 Immersion in Fortitude — 5 attempt(s), clean, 8882+5570 tok
  868 Immersion in Source — 4 attempt(s), clean, 7428+4685 tok
  869 Immersion in Equity — 4 attempt(s), clean, 7505+4798 tok
  870 Immersion in Discipline — 5 attempt(s), 1 hard flag(s) open, 9493+6307 tok
  871 Immersion in Tune — 3 attempt(s), clean, 6179+3579 tok
  872 Immersion in Faith — 5 attempt(s), 1 hard flag(s) open, 8880+5616 tok
  873 Immersion in Transformation — 5 attempt(s), 1 hard flag(s) open, 9270+6409 tok
  874 Immersion in Abstraction — 5 attempt(s), 1 hard flag(s) open, 8890+5698 tok
  875 Immersion in Breakthrough — 4 attempt(s), clean, 7428+4166 tok
  876 Immersion in Actualization — 3 attempt(s), clean, 5824+3183 tok
  877 Immersion in Inspiration — 4 attempt(s), clean, 7207+4285 tok
  878 Immersion in Recognition — 4 attempt(s), clean, 7085+4320 tok
  879 Immersion in Imagination — 5 attempt(s), 1 hard flag(s) open, 8898+5649 tok
  880 Immersion in Creation — 5 attempt(s), 1 hard flag(s) open, 8995+5970 tok
  881 Discernment in Will — 5 attempt(s), 1 hard flag(s) open, 8809+5475 tok
  882 Discernment in Potential — 5 attempt(s), 2 hard flag(s) open, 8870+5976 tok
  883 Discernment in Nurturing — 5 attempt(s), 5 hard flag(s) open, 8851+5797 tok
  884 Discernment in Authority — 4 attempt(s), clean, 7479+4474 tok
  885 Discernment in Wisdom — 5 attempt(s), 1 hard flag(s) open, 9531+6490 tok
  886 Discernment in Culture — 5 attempt(s), 1 hard flag(s) open, 8890+5776 tok
  887 Discernment in Compassion — 5 attempt(s), 1 hard flag(s) open, 5539+5832 tok
  888 Discernment in Fortitude — 4 attempt(s), clean, 7381+4288 tok
  889 Discernment in Drive — 5 attempt(s), clean, 9037+6123 tok
  890 Discernment in Discipline — 4 attempt(s), clean, 8114+5411 tok
  891 Discernment in Equity — 5 attempt(s), 2 hard flag(s) open, 8904+5766 tok
  892 Discernment in Faith — 5 attempt(s), 1 hard flag(s) open, 8815+5687 tok
  893 Discernment in Transformation — 4 attempt(s), clean, 7405+4643 tok
  894 Discernment in Source — 5 attempt(s), 1 hard flag(s) open, 10180+7085 tok
  895 Discernment in Tune — 5 attempt(s), 1 hard flag(s) open, 8881+5733 tok
  896 Discernment in Breakthrough — 4 attempt(s), clean, 7522+4712 tok
  897 Discernment in Abstraction — 5 attempt(s), 1 hard flag(s) open, 8960+5815 tok
  898 Discernment in Recognition — 4 attempt(s), clean, 7602+4636 tok
  899 Discernment in Creation — 4 attempt(s), clean, 7558+4550 tok
  900 Discernment in Inspiration — 5 attempt(s), clean, 8475+5503 tok
  901 Discernment in Imagination — 5 attempt(s), 2 hard flag(s) open, 8737+5541 tok
  902 Discernment in Actualization — 5 attempt(s), clean, 8760+5800 tok
  903 Clarity in Potential — 5 attempt(s), clean, 8408+5661 tok
  904 Clarity in Will — 5 attempt(s), 2 hard flag(s) open, 8706+5500 tok
  905 Clarity in Wisdom — 5 attempt(s), clean, 8632+5497 tok
  906 Clarity in Nurturing — 4 attempt(s), clean, 7688+4683 tok
  907 Clarity in Culture — 4 attempt(s), clean, 7455+4624 tok
  908 Clarity in Authority — 5 attempt(s), 1 hard flag(s) open, 8535+5364 tok
  909 Clarity in Compassion — 4 attempt(s), clean, 7675+4654 tok
  910 Clarity in Drive — 5 attempt(s), clean, 8781+5774 tok
  911 Clarity in Fortitude — 4 attempt(s), clean, 5042+4864 tok
  912 Clarity in Discipline — 4 attempt(s), clean, 7294+4314 tok
  913 Clarity in Equity — 4 attempt(s), clean, 7449+4829 tok
  914 Clarity in Faith — 5 attempt(s), 1 hard flag(s) open, 8518+5577 tok
  915 Clarity in Source — 5 attempt(s), clean, 9006+5912 tok
  916 Clarity in Tune — 4 attempt(s), clean, 7242+4470 tok
  917 Clarity in Transformation — 5 attempt(s), 1 hard flag(s) open, 8462+5364 tok
  918 Clarity in Abstraction — 5 attempt(s), clean, 8264+5153 tok
  919 Clarity in Breakthrough — 4 attempt(s), clean, 7653+4842 tok
  920 Clarity in Inspiration — 5 attempt(s), 1 hard flag(s) open, 9331+6179 tok
  921 Clarity in Recognition — 4 attempt(s), clean, 7166+4336 tok
  922 Receptivity in Potential — 4 attempt(s), clean, 7243+4476 tok
  923 Clarity in Imagination — 5 attempt(s), 2 hard flag(s) open, 8687+5570 tok
  924 Receptivity in Will — 4 attempt(s), clean, 7241+4322 tok
  925 Clarity in Actualization — 5 attempt(s), 1 hard flag(s) open, 9029+5768 tok
  926 Clarity in Creation — 5 attempt(s), 1 hard flag(s) open, 8969+5604 tok
  927 Receptivity in Authority — 3 attempt(s), clean, 6085+3636 tok
  928 Receptivity in Nurturing — 4 attempt(s), clean, 7324+4682 tok
  929 Receptivity in Wisdom — 5 attempt(s), 2 hard flag(s) open, 8634+5673 tok
  930 Receptivity in Drive — 3 attempt(s), clean, 6006+3348 tok
  931 Receptivity in Compassion — 5 attempt(s), 2 hard flag(s) open, 9081+5967 tok
  932 Receptivity in Fortitude — 5 attempt(s), clean, 8919+5686 tok
  933 Receptivity in Discipline — 5 attempt(s), clean, 8349+5290 tok
  934 Receptivity in Culture — 5 attempt(s), 1 hard flag(s) open, 9055+6121 tok
  935 Receptivity in Faith — 3 attempt(s), clean, 6131+3436 tok
  936 Receptivity in Transformation — 4 attempt(s), clean, 7417+4458 tok
  937 Receptivity in Source — 5 attempt(s), 4 hard flag(s) open, 9432+6062 tok
  938 Receptivity in Equity — 5 attempt(s), 1 hard flag(s) open, 9215+5954 tok
  939 Receptivity in Inspiration — 4 attempt(s), clean, 7296+4309 tok
  940 Receptivity in Abstraction — 5 attempt(s), 1 hard flag(s) open, 8926+5953 tok
  941 Receptivity in Tune — 5 attempt(s), 2 hard flag(s) open, 9288+6350 tok
  942 Receptivity in Breakthrough — 5 attempt(s), 1 hard flag(s) open, 8844+5737 tok
  943 Receptivity in Imagination — 5 attempt(s), 1 hard flag(s) open, 8542+5561 tok
  944 Receptivity in Actualization — 4 attempt(s), clean, 7658+4716 tok
  945 Receptivity in Recognition — 5 attempt(s), 4 hard flag(s) open, 8336+5002 tok
  946 Receptivity in Creation — 5 attempt(s), 1 hard flag(s) open, 8542+5701 tok
  947 Merge in Will — 3 attempt(s), clean, 6288+3586 tok
  948 Merge in Authority — 3 attempt(s), clean, 5742+3205 tok
  949 Merge in Potential — 5 attempt(s), clean, 9269+6119 tok
  950 Merge in Wisdom — 4 attempt(s), clean, 7350+4067 tok
  951 Merge in Culture — 4 attempt(s), clean, 7487+4650 tok
  952 Merge in Nurturing — 5 attempt(s), 2 hard flag(s) open, 9204+5722 tok
  953 Merge in Equity — 3 attempt(s), clean, 6029+3418 tok
  954 Merge in Fortitude — 4 attempt(s), clean, 7632+4715 tok
  955 Merge in Compassion — 5 attempt(s), clean, 8910+5899 tok
  956 Merge in Drive — 5 attempt(s), 1 hard flag(s) open, 8999+6090 tok
  957 Merge in Discipline — 5 attempt(s), clean, 8761+5613 tok
  958 Merge in Source — 5 attempt(s), clean, 8277+5212 tok
  959 Merge in Transformation — 4 attempt(s), clean, 7718+4792 tok
  960 Merge in Faith — 5 attempt(s), clean, 8881+5808 tok
  961 Merge in Tune — 4 attempt(s), clean, 7371+4392 tok
  962 Merge in Imagination — 4 attempt(s), clean, 7662+4784 tok
  963 Merge in Actualization — 4 attempt(s), clean, 6937+4401 tok
  964 Merge in Breakthrough — 5 attempt(s), 2 hard flag(s) open, 8988+5901 tok
  965 Merge in Abstraction — 5 attempt(s), clean, 8597+5644 tok
  966 Merge in Inspiration — 5 attempt(s), clean, 9029+6093 tok
  967 Merge in Recognition — 3 attempt(s), clean, 6141+3389 tok
  968 Merge in Creation — 5 attempt(s), clean, 8584+5675 tok
  969 Celebration in Potential — 5 attempt(s), 2 hard flag(s) open, 9609+6676 tok
  970 Celebration in Nurturing — 5 attempt(s), 4 hard flag(s) open, 8871+5852 tok
  971 Celebration in Wisdom — 5 attempt(s), clean, 9052+6010 tok
  972 Celebration in Authority — 5 attempt(s), clean, 9055+6147 tok
  973 Celebration in Culture — 5 attempt(s), 1 hard flag(s) open, 8820+5845 tok
  974 Celebration in Will — 5 attempt(s), 1 hard flag(s) open, 9114+6272 tok
  975 Celebration in Compassion — 5 attempt(s), 8 hard flag(s) open, 8802+6055 tok
  976 Celebration in Drive — 5 attempt(s), 1 hard flag(s) open, 8335+5241 tok
  977 Celebration in Discipline — 4 attempt(s), clean, 7324+4660 tok
  978 Celebration in Fortitude — 5 attempt(s), clean, 8602+5590 tok
  979 Celebration in Source — 4 attempt(s), clean, 7500+4719 tok
  980 Celebration in Faith — 5 attempt(s), clean, 9713+6423 tok
  981 Celebration in Transformation — 5 attempt(s), 3 hard flag(s) open, 8694+5674 tok
  982 Celebration in Equity — 5 attempt(s), 1 hard flag(s) open, 9803+7162 tok
  983 Celebration in Tune — 5 attempt(s), 1 hard flag(s) open, 9100+6215 tok
  984 Celebration in Abstraction — 5 attempt(s), clean, 8870+5372 tok
  985 Celebration in Imagination — 5 attempt(s), clean, 8399+5362 tok
  986 Celebration in Breakthrough — 5 attempt(s), clean, 8803+5671 tok
  987 Celebration in Inspiration — 5 attempt(s), clean, 8647+5634 tok
  988 Celebration in Actualization — 4 attempt(s), clean, 7856+5194 tok
  989 Celebration in Recognition — 5 attempt(s), 1 hard flag(s) open, 8533+5799 tok
  990 Celebration in Creation — 4 attempt(s), clean, 7658+5083 tok
  991 Reverie in Potential — 4 attempt(s), clean, 7251+4499 tok
  992 Reverie in Wisdom — 3 attempt(s), clean, 6152+3317 tok
  993 Reverie in Will — 5 attempt(s), 1 hard flag(s) open, 8451+5404 tok
  994 Reverie in Culture — 3 attempt(s), clean, 6063+3480 tok
  995 Reverie in Nurturing — 4 attempt(s), clean, 7926+5074 tok
  996 Reverie in Authority — 5 attempt(s), 2 hard flag(s) open, 8644+5498 tok
  997 Reverie in Compassion — 5 attempt(s), clean, 8706+5491 tok
  998 Reverie in Fortitude — 5 attempt(s), 1 hard flag(s) open, 8386+5431 tok
  999 Reverie in Drive — 5 attempt(s), 2 hard flag(s) open, 8693+5513 tok
  1000 Reverie in Discipline — 5 attempt(s), 1 hard flag(s) open, 8387+5266 tok
  1001 Reverie in Faith — 4 attempt(s), clean, 7368+4677 tok
  1002 Reverie in Source — 5 attempt(s), clean, 9060+6519 tok
  1003 Reverie in Equity — 4 attempt(s), clean, 7616+4898 tok
  1004 Reverie in Transformation — 4 attempt(s), clean, 7533+4483 tok
  1005 Reverie in Breakthrough — 4 attempt(s), clean, 7553+4670 tok
  1006 Reverie in Tune — 5 attempt(s), 1 hard flag(s) open, 9624+6301 tok
  1007 Reverie in Actualization — 3 attempt(s), clean, 6274+3656 tok
  1008 Reverie in Abstraction — 5 attempt(s), 1 hard flag(s) open, 9654+6711 tok
  1009 Reverie in Imagination — 4 attempt(s), clean, 7608+4585 tok
  1010 Reverie in Inspiration — 4 attempt(s), clean, 7856+4941 tok
  1011 Reverie in Recognition — 5 attempt(s), 1 hard flag(s) open, 8793+5984 tok
  1012 Reverie in Creation — 5 attempt(s), 2 hard flag(s) open, 8938+5698 tok
  1013 Conscience in Will — 4 attempt(s), clean, 7448+4626 tok
  1014 Conscience in Authority — 3 attempt(s), clean, 6753+4072 tok
  1015 Conscience in Potential — 5 attempt(s), clean, 9285+6441 tok
  1016 Conscience in Wisdom — 5 attempt(s), clean, 9002+5571 tok
  1017 Conscience in Nurturing — 5 attempt(s), clean, 8672+5561 tok
  1018 Conscience in Culture — 5 attempt(s), clean, 8848+5633 tok
  1019 Conscience in Drive — 4 attempt(s), clean, 7662+4971 tok
  1020 Conscience in Compassion — 5 attempt(s), 3 hard flag(s) open, 8993+5796 tok
  1021 Conscience in Fortitude — 4 attempt(s), clean, 7528+4613 tok
  1022 Conscience in Discipline — 5 attempt(s), 1 hard flag(s) open, 9253+6379 tok
  1023 Conscience in Source — 5 attempt(s), 5 hard flag(s) open, 8830+5100 tok
  1024 Conscience in Abstraction — 3 attempt(s), clean, 6099+3423 tok
  1025 Conscience in Faith — 5 attempt(s), 1 hard flag(s) open, 9001+5860 tok
  1026 Conscience in Equity — 5 attempt(s), 1 hard flag(s) open, 9103+6275 tok
  1027 Conscience in Transformation — 5 attempt(s), clean, 9693+6820 tok
  1028 Conscience in Tune — 5 attempt(s), clean, 9215+6448 tok
  1029 Conscience in Breakthrough — 5 attempt(s), clean, 8636+5610 tok
  1030 Conscience in Actualization — 3 attempt(s), clean, 6045+3491 tok
  1031 Conscience in Imagination — 5 attempt(s), clean, 9002+6053 tok
  1032 Conscience in Inspiration — 5 attempt(s), 1 hard flag(s) open, 9557+6529 tok
  1033 Conscience in Creation — 4 attempt(s), clean, 7807+4806 tok
  1034 Conscience in Recognition — 5 attempt(s), 2 hard flag(s) open, 8731+5852 tok
  1035 Reciprocity in Potential — 5 attempt(s), 3 hard flag(s) open, 8847+5553 tok
  1036 Reciprocity in Nurturing — 3 attempt(s), clean, 6153+3405 tok
  1037 Reciprocity in Will — 5 attempt(s), 2 hard flag(s) open, 9088+6192 tok
  1038 Reciprocity in Wisdom — 5 attempt(s), 1 hard flag(s) open, 8901+5862 tok
  1039 Reciprocity in Authority — 5 attempt(s), 3 hard flag(s) open, 8698+5731 tok
  1040 Reciprocity in Culture — 5 attempt(s), 2 hard flag(s) open, 8660+5608 tok
  1041 Reciprocity in Compassion — 5 attempt(s), clean, 8793+5864 tok
  1042 Reciprocity in Drive — 5 attempt(s), clean, 8372+5451 tok
  1043 Reciprocity in Source — 3 attempt(s), clean, 6050+3579 tok
  1044 Reciprocity in Discipline — 4 attempt(s), clean, 8059+5022 tok
  1045 Reciprocity in Fortitude — 5 attempt(s), 6 hard flag(s) open, 9331+5753 tok
  1046 Reciprocity in Equity — 4 attempt(s), clean, 6944+4089 tok
  1047 Reciprocity in Transformation — 4 attempt(s), clean, 7551+4779 tok
  1048 Reciprocity in Abstraction — 3 attempt(s), clean, 5951+3521 tok
  1049 Reciprocity in Faith — 5 attempt(s), clean, 8609+5777 tok
  1050 Reciprocity in Inspiration — 4 attempt(s), clean, 7233+4243 tok
  1051 Reciprocity in Tune — 5 attempt(s), 3 hard flag(s) open, 8760+5837 tok
  1052 Reciprocity in Breakthrough — 5 attempt(s), clean, 8501+5704 tok
  1053 Reciprocity in Imagination — 5 attempt(s), 2 hard flag(s) open, 8426+5166 tok
  1054 Reciprocity in Actualization — 5 attempt(s), clean, 9258+6467 tok
  1055 Reciprocity in Creation — 5 attempt(s), 1 hard flag(s) open, 8632+5378 tok
  1056 Reciprocity in Recognition — 5 attempt(s), 5 hard flag(s) open, 9294+6006 tok
  1057 Allure in Potential — 5 attempt(s), 1 hard flag(s) open, 8656+5562 tok
  1058 Allure in Will — 5 attempt(s), clean, 8519+5168 tok
  1059 Allure in Wisdom — 5 attempt(s), 3 hard flag(s) open, 8748+5494 tok
  1060 Allure in Nurturing — 5 attempt(s), clean, 9373+6231 tok
  1061 Allure in Authority — 5 attempt(s), clean, 9138+5921 tok
  1062 Allure in Culture — 5 attempt(s), clean, 8418+5517 tok
  1063 Allure in Compassion — 4 attempt(s), clean, 7589+4878 tok
  1064 Allure in Drive — 5 attempt(s), 1 hard flag(s) open, 8861+6083 tok
  1065 Allure in Discipline — 4 attempt(s), clean, 7490+4713 tok
  1066 Allure in Fortitude — 5 attempt(s), 1 hard flag(s) open, 8960+5907 tok
  1067 Allure in Transformation — 3 attempt(s), clean, 5767+3128 tok
  1068 Allure in Source — 5 attempt(s), clean, 9028+5968 tok
  1069 Allure in Equity — 5 attempt(s), 1 hard flag(s) open, 8740+5628 tok
  1070 Allure in Faith — 5 attempt(s), 1 hard flag(s) open, 9575+6379 tok
  1071 Allure in Tune — 4 attempt(s), clean, 7454+4668 tok
  1072 Allure in Inspiration — 4 attempt(s), clean, 7188+4341 tok
  1073 Allure in Breakthrough — 5 attempt(s), 3 hard flag(s) open, 8972+5367 tok
  1074 Allure in Abstraction — 5 attempt(s), 6 hard flag(s) open, 9343+7140 tok
  1075 Allure in Creation — 3 attempt(s), clean, 5922+3311 tok
  1076 Allure in Imagination — 5 attempt(s), 5 hard flag(s) open, 9278+6172 tok
  1077 Passage in Potential — 3 attempt(s), clean, 6044+3326 tok
  1078 Allure in Actualization — 5 attempt(s), 3 hard flag(s) open, 8917+5492 tok
  1079 Allure in Recognition — 5 attempt(s), clean, 8798+5539 tok
  1080 Passage in Will — 4 attempt(s), clean, 8041+5091 tok
  1081 Passage in Wisdom — 4 attempt(s), clean, 7117+4303 tok
  1082 Passage in Nurturing — 3 attempt(s), clean, 6147+3304 tok
  1083 Passage in Fortitude — 3 attempt(s), clean, 6206+3564 tok
  1084 Passage in Authority — 5 attempt(s), 2 hard flag(s) open, 8780+5558 tok
  1085 Passage in Compassion — 5 attempt(s), 2 hard flag(s) open, 8389+5494 tok
  1086 Passage in Culture — 5 attempt(s), clean, 9757+6592 tok
  1087 Passage in Drive — 5 attempt(s), 2 hard flag(s) open, 9286+5777 tok
  1088 Passage in Discipline — 5 attempt(s), clean, 9045+6062 tok
  1089 Passage in Source — 5 attempt(s), clean, 9103+6302 tok
  1090 Passage in Transformation — 3 attempt(s), clean, 6037+3548 tok
  1091 Passage in Equity — 5 attempt(s), clean, 9089+6231 tok
  1092 Passage in Tune — 4 attempt(s), clean, 7101+4173 tok
  1093 Passage in Breakthrough — 3 attempt(s), clean, 5911+3229 tok
  1094 Passage in Faith — 5 attempt(s), 3 hard flag(s) open, 8320+5392 tok
  1095 Passage in Abstraction — 5 attempt(s), clean, 8377+5573 tok
  1096 Passage in Actualization — 3 attempt(s), clean, 5981+3466 tok
  1097 Passage in Creation — 3 attempt(s), clean, 6275+3537 tok
  1098 Passage in Imagination — 5 attempt(s), clean, 8733+5852 tok
  1099 Passage in Inspiration — 5 attempt(s), 5 hard flag(s) open, 9140+6429 tok
  1100 Passage in Recognition — 5 attempt(s), 1 hard flag(s) open, 8920+5738 tok
  1101 Fulfillment in Will — 5 attempt(s), clean, 8747+5624 tok
  1102 Fulfillment in Potential — 5 attempt(s), clean, 9264+5887 tok
  1103 Fulfillment in Wisdom — 5 attempt(s), clean, 8724+5687 tok
  1104 Fulfillment in Nurturing — 5 attempt(s), clean, 9293+6078 tok
  1105 Fulfillment in Culture — 4 attempt(s), clean, 7555+4402 tok
  1106 Fulfillment in Drive — 4 attempt(s), clean, 7353+4788 tok
  1107 Fulfillment in Authority — 5 attempt(s), clean, 9292+6273 tok
  1108 Fulfillment in Compassion — 5 attempt(s), 1 hard flag(s) open, 9396+6228 tok
  1109 Fulfillment in Discipline — 5 attempt(s), 2 hard flag(s) open, 8881+5942 tok
  1110 Fulfillment in Fortitude — 5 attempt(s), 1 hard flag(s) open, 9163+5770 tok
  1111 Fulfillment in Source — 5 attempt(s), clean, 8661+5726 tok
  1112 Fulfillment in Faith — 5 attempt(s), clean, 8211+5034 tok
  1113 Fulfillment in Tune — 5 attempt(s), clean, 8811+5590 tok
  1114 Fulfillment in Transformation — 5 attempt(s), clean, 9222+6410 tok
  1115 Fulfillment in Equity — 5 attempt(s), 1 hard flag(s) open, 9897+6735 tok
  1116 Fulfillment in Imagination — 4 attempt(s), clean, 7367+4246 tok
  1117 Fulfillment in Breakthrough — 5 attempt(s), 3 hard flag(s) open, 8569+5102 tok
  1118 Fulfillment in Abstraction — 5 attempt(s), 3 hard flag(s) open, 9024+5969 tok
  1119 Fulfillment in Inspiration — 5 attempt(s), clean, 9467+6078 tok
  1120 Fulfillment in Actualization — 4 attempt(s), clean, 7579+4510 tok
  1121 Fulfillment in Creation — 4 attempt(s), clean, 7593+4695 tok
  1122 Fulfillment in Recognition — 5 attempt(s), clean, 9071+6107 tok
  1123 Completion in Potential — 5 attempt(s), 1 hard flag(s) open, 9194+6478 tok
  1124 Completion in Will — 5 attempt(s), 1 hard flag(s) open, 8809+5774 tok
  1125 Completion in Authority — 5 attempt(s), clean, 8635+5421 tok
  1126 Completion in Wisdom — 5 attempt(s), clean, 8979+6117 tok
  1127 Completion in Nurturing — 5 attempt(s), clean, 9240+5995 tok
  1128 Completion in Compassion — 4 attempt(s), clean, 7244+4605 tok
  1129 Completion in Culture — 4 attempt(s), clean, 7914+5026 tok
  1130 Completion in Drive — 3 attempt(s), clean, 6000+3410 tok
  1131 Completion in Discipline — 4 attempt(s), clean, 7697+4708 tok
  1132 Completion in Source — 4 attempt(s), clean, 7313+4361 tok
  1133 Completion in Abstraction — 3 attempt(s), clean, 5887+3494 tok
  1134 Completion in Fortitude — 5 attempt(s), clean, 8993+5856 tok
  1135 Completion in Equity — 4 attempt(s), clean, 7446+4490 tok
  1136 Completion in Faith — 5 attempt(s), clean, 8575+5418 tok
  1137 Completion in Tune — 5 attempt(s), 2 hard flag(s) open, 8945+5856 tok
  1138 Completion in Transformation — 5 attempt(s), 2 hard flag(s) open, 9249+6363 tok
  1139 Completion in Actualization — 3 attempt(s), clean, 6335+3400 tok
  1140 Completion in Inspiration — 4 attempt(s), clean, 7541+5007 tok
  1141 Completion in Creation — 3 attempt(s), clean, 6020+3296 tok
  1142 Completion in Imagination — 5 attempt(s), 1 hard flag(s) open, 8154+4885 tok
  1143 Completion in Breakthrough — 5 attempt(s), 1 hard flag(s) open, 9200+6276 tok
  1144 Completion in Recognition — 5 attempt(s), 2 hard flag(s) open, 9804+6219 tok
  1145 Definition in Potential — 4 attempt(s), clean, 7855+4790 tok
  1146 Definition in Will — 5 attempt(s), clean, 8614+5709 tok
  1147 Definition in Wisdom — 5 attempt(s), clean, 9143+5778 tok
  1148 Definition in Authority — 5 attempt(s), 1 hard flag(s) open, 8663+5701 tok
  1149 Definition in Nurturing — 5 attempt(s), clean, 9087+6095 tok
  1150 Definition in Drive — 5 attempt(s), 2 hard flag(s) open, 8137+4956 tok
  1151 Definition in Compassion — 5 attempt(s), 1 hard flag(s) open, 8661+5875 tok
  1152 Definition in Discipline — 3 attempt(s), clean, 5822+3344 tok
  1153 Definition in Culture — 5 attempt(s), clean, 9894+6907 tok
  1154 Definition in Fortitude — 4 attempt(s), clean, 7731+4846 tok
  1155 Definition in Source — 5 attempt(s), clean, 8549+5398 tok
  1156 Definition in Equity — 4 attempt(s), clean, 7944+4826 tok
  1157 Definition in Tune — 5 attempt(s), 2 hard flag(s) open, 9031+6047 tok
  1158 Definition in Faith — 5 attempt(s), clean, 9152+5842 tok
  1159 Definition in Breakthrough — 4 attempt(s), clean, 7683+4823 tok
  1160 Definition in Transformation — 5 attempt(s), 1 hard flag(s) open, 9082+5644 tok
  1161 Definition in Abstraction — 5 attempt(s), 1 hard flag(s) open, 8680+5634 tok
  1162 Definition in Inspiration — 5 attempt(s), clean, 8994+5909 tok
  1163 Definition in Imagination — 5 attempt(s), 1 hard flag(s) open, 8652+5039 tok
  1164 Definition in Actualization — 3 attempt(s), clean, 7132+4536 tok
  1165 Definition in Recognition — 4 attempt(s), clean, 7639+4458 tok
  1166 Definition in Creation — 5 attempt(s), clean, 9272+5895 tok
  1167 Stewardship in Wisdom — 5 attempt(s), 2 hard flag(s) open, 8903+5578 tok
  1168 Stewardship in Nurturing — 5 attempt(s), 1 hard flag(s) open, 8245+5369 tok
  1169 Stewardship in Will — 5 attempt(s), 1 hard flag(s) open, 8784+5609 tok
  1170 Stewardship in Potential — 5 attempt(s), 1 hard flag(s) open, 9437+6331 tok
  1171 Stewardship in Culture — 4 attempt(s), clean, 7493+4580 tok
  1172 Stewardship in Authority — 5 attempt(s), 3 hard flag(s) open, 9503+6141 tok
  1173 Stewardship in Compassion — 5 attempt(s), 2 hard flag(s) open, 9151+5880 tok
  1174 Stewardship in Tune — 1 attempt(s), clean, 3204+22 tok
  1175 Stewardship in Source — 4 attempt(s), clean, 7828+4956 tok
  1176 Stewardship in Discipline — 5 attempt(s), clean, 8842+5510 tok
  1177 Stewardship in Drive — 5 attempt(s), clean, 9085+6042 tok
  1178 Stewardship in Fortitude — 5 attempt(s), 1 hard flag(s) open, 9396+6184 tok
  1179 Stewardship in Equity — 5 attempt(s), clean, 9200+6002 tok
  1180 Stewardship in Faith — 3 attempt(s), clean, 6570+3737 tok
  1181 Stewardship in Transformation — 5 attempt(s), clean, 8616+5739 tok
  1182 Stewardship in Imagination — 3 attempt(s), clean, 5988+3440 tok
  1183 Stewardship in Abstraction — 5 attempt(s), 1 hard flag(s) open, 9043+5841 tok
  1184 Stewardship in Breakthrough — 4 attempt(s), clean, 7621+4861 tok
  1185 Stewardship in Actualization — 4 attempt(s), clean, 7394+4421 tok
  1186 Stewardship in Creation — 5 attempt(s), 3 hard flag(s) open, 8145+5032 tok
  1187 Stewardship in Inspiration — 5 attempt(s), clean, 9573+6273 tok
  1188 Stewardship in Recognition — 5 attempt(s), 2 hard flag(s) open, 8813+5637 tok
  1189 Formation in Potential — 4 attempt(s), clean, 7466+4510 tok
  1190 Formation in Wisdom — 4 attempt(s), clean, 7472+4160 tok
  1191 Formation in Will — 5 attempt(s), 2 hard flag(s) open, 8802+5700 tok
  1192 Formation in Authority — 5 attempt(s), 2 hard flag(s) open, 8903+5641 tok
  1193 Formation in Nurturing — 5 attempt(s), 1 hard flag(s) open, 9061+6196 tok
  1194 Formation in Culture — 5 attempt(s), clean, 8867+5577 tok
  1195 Formation in Compassion — 4 attempt(s), clean, 7973+5032 tok
  1196 Formation in Drive — 5 attempt(s), clean, 8666+5703 tok
  1197 Formation in Fortitude — 5 attempt(s), 1 hard flag(s) open, 8223+5380 tok
  1198 Formation in Faith — 3 attempt(s), clean, 6001+3437 tok
  1199 Formation in Discipline — 5 attempt(s), 1 hard flag(s) open, 8870+5700 tok
  1200 Formation in Equity — 4 attempt(s), clean, 7538+4813 tok
  1201 Formation in Source — 5 attempt(s), 8 hard flag(s) open, 8912+5842 tok
  1202 Formation in Breakthrough — 3 attempt(s), clean, 5823+3231 tok
  1203 Formation in Transformation — 5 attempt(s), 1 hard flag(s) open, 8680+5642 tok
  1204 Formation in Tune — 5 attempt(s), clean, 8671+5934 tok
  1205 Formation in Abstraction — 5 attempt(s), 2 hard flag(s) open, 8186+5335 tok
  1206 Formation in Inspiration — 5 attempt(s), clean, 8515+5525 tok
  1207 Formation in Creation — 3 attempt(s), clean, 5703+3099 tok
  1208 Formation in Imagination — 5 attempt(s), clean, 8832+5857 tok
  1209 Preservation in Potential — 3 attempt(s), clean, 6226+3499 tok
  1210 Formation in Recognition — 5 attempt(s), clean, 8902+5817 tok
  1211 Formation in Actualization — 5 attempt(s), 1 hard flag(s) open, 9359+5949 tok
  1212 Preservation in Will — 4 attempt(s), clean, 7505+4756 tok
  1213 Preservation in Authority — 3 attempt(s), clean, 6017+3182 tok
  1214 Preservation in Wisdom — 5 attempt(s), 2 hard flag(s) open, 9450+6021 tok
  1215 Preservation in Nurturing — 4 attempt(s), clean, 7553+4858 tok
  1216 Preservation in Discipline — 3 attempt(s), clean, 5774+2911 tok
  1217 Preservation in Culture — 5 attempt(s), 2 hard flag(s) open, 9042+6209 tok
  1218 Preservation in Compassion — 5 attempt(s), 1 hard flag(s) open, 8954+5964 tok
  1219 Preservation in Fortitude — 5 attempt(s), 4 hard flag(s) open, 9114+6019 tok
  1220 Preservation in Drive — 5 attempt(s), 2 hard flag(s) open, 9288+5729 tok
  1221 Preservation in Equity — 3 attempt(s), clean, 6142+3427 tok
  1222 Preservation in Source — 5 attempt(s), clean, 8747+5733 tok
  1223 Preservation in Transformation — 4 attempt(s), clean, 7117+4223 tok
  1224 Preservation in Faith — 5 attempt(s), 1 hard flag(s) open, 9279+6086 tok
  1225 Preservation in Breakthrough — 3 attempt(s), clean, 6273+3340 tok
  1226 Preservation in Abstraction — 5 attempt(s), clean, 8944+5670 tok
  1227 Preservation in Tune — 5 attempt(s), 1 hard flag(s) open, 9159+6148 tok
  1228 Preservation in Inspiration — 5 attempt(s), 1 hard flag(s) open, 9006+6061 tok
  1229 Preservation in Imagination — 4 attempt(s), clean, 8142+5219 tok
  1230 Preservation in Actualization — 5 attempt(s), 1 hard flag(s) open, 8809+5736 tok
  1231 Steadfastness in Potential — 5 attempt(s), 1 hard flag(s) open, 8791+5470 tok
  1232 Preservation in Creation — 4 attempt(s), clean, 7825+4921 tok
  1233 Preservation in Recognition — 5 attempt(s), 3 hard flag(s) open, 9581+6210 tok
  1234 Steadfastness in Will — 4 attempt(s), clean, 7585+4898 tok
  1235 Steadfastness in Wisdom — 4 attempt(s), clean, 7366+4337 tok
  1236 Steadfastness in Authority — 4 attempt(s), clean, 7374+4586 tok
  1237 Steadfastness in Nurturing — 5 attempt(s), 2 hard flag(s) open, 8869+5733 tok
  1238 Steadfastness in Culture — 4 attempt(s), clean, 7796+4592 tok
  1239 Steadfastness in Drive — 5 attempt(s), 2 hard flag(s) open, 8702+5555 tok
  1240 Steadfastness in Fortitude — 5 attempt(s), clean, 9014+5692 tok
  1241 Steadfastness in Compassion — 5 attempt(s), 1 hard flag(s) open, 9200+5740 tok
  1242 Steadfastness in Discipline — 5 attempt(s), 1 hard flag(s) open, 9192+6194 tok
  1243 Steadfastness in Source — 5 attempt(s), clean, 8846+5545 tok
  1244 Steadfastness in Transformation — 3 attempt(s), clean, 6021+3244 tok
  1245 Steadfastness in Equity — 5 attempt(s), 1 hard flag(s) open, 8837+5866 tok
  1246 Steadfastness in Faith — 5 attempt(s), clean, 9432+6182 tok
  1247 Steadfastness in Abstraction — 3 attempt(s), clean, 6096+3579 tok
  1248 Steadfastness in Tune — 5 attempt(s), clean, 8672+5500 tok
  1249 Steadfastness in Actualization — 4 attempt(s), clean, 7360+4250 tok
  1250 Steadfastness in Breakthrough — 5 attempt(s), clean, 9139+5951 tok
  1251 Steadfastness in Imagination — 5 attempt(s), clean, 9142+5535 tok
  1252 Steadfastness in Inspiration — 5 attempt(s), clean, 9526+6059 tok
  1253 Steadfastness in Creation — 4 attempt(s), clean, 7614+4536 tok
  1254 Steadfastness in Recognition — 5 attempt(s), 1 hard flag(s) open, 9472+5934 tok
  1255 Support in Potential — 5 attempt(s), 3 hard flag(s) open, 8471+5579 tok
  1256 Support in Will — 4 attempt(s), clean, 7772+5333 tok
  1257 Support in Nurturing — 4 attempt(s), clean, 7628+4943 tok
  1258 Support in Wisdom — 5 attempt(s), clean, 9365+5954 tok
  1259 Support in Culture — 5 attempt(s), 1 hard flag(s) open, 8238+5385 tok
  1260 Support in Authority — 5 attempt(s), 1 hard flag(s) open, 9046+5808 tok
  1261 Support in Compassion — 5 attempt(s), clean, 8609+5521 tok
  1262 Support in Drive — 5 attempt(s), 2 hard flag(s) open, 9062+5886 tok
  1263 Support in Fortitude — 4 attempt(s), clean, 7336+4783 tok
  1264 Support in Discipline — 5 attempt(s), clean, 8662+5865 tok
  1265 Support in Source — 5 attempt(s), 1 hard flag(s) open, 8488+5162 tok
  1266 Support in Equity — 5 attempt(s), clean, 8389+5521 tok
  1267 Support in Transformation — 4 attempt(s), clean, 7410+4656 tok
  1268 Support in Faith — 5 attempt(s), 1 hard flag(s) open, 8514+5200 tok
  1269 Support in Tune — 5 attempt(s), 2 hard flag(s) open, 9031+5854 tok
  1270 Support in Abstraction — 4 attempt(s), clean, 7478+4918 tok
  1271 Support in Inspiration — 5 attempt(s), clean, 8625+5382 tok
  1272 Support in Actualization — 4 attempt(s), clean, 7132+4290 tok
  1273 Support in Imagination — 5 attempt(s), clean, 8780+5638 tok
  1274 Support in Breakthrough — 5 attempt(s), 1 hard flag(s) open, 9316+6434 tok
  1275 Support in Creation — 5 attempt(s), 1 hard flag(s) open, 8290+5337 tok
  1276 Support in Recognition — 5 attempt(s), clean, 8625+5642 tok
  1277 Harvest in Will — 4 attempt(s), clean, 6979+4209 tok
  1278 Harvest in Potential — 5 attempt(s), 1 hard flag(s) open, 8368+5345 tok
  1279 Harvest in Nurturing — 4 attempt(s), clean, 7415+4393 tok
  1280 Harvest in Authority — 5 attempt(s), clean, 8700+5627 tok
  1281 Harvest in Wisdom — 5 attempt(s), 1 hard flag(s) open, 9401+6071 tok
  1282 Harvest in Culture — 5 attempt(s), 1 hard flag(s) open, 9319+6309 tok
  1283 Harvest in Drive — 5 attempt(s), clean, 8615+5729 tok
  1284 Harvest in Compassion — 5 attempt(s), 1 hard flag(s) open, 9151+5774 tok
  1285 Harvest in Fortitude — 4 attempt(s), clean, 8093+5146 tok
  1286 Harvest in Discipline — 5 attempt(s), clean, 8929+5817 tok
  1287 Harvest in Equity — 4 attempt(s), clean, 7528+4428 tok
  1288 Harvest in Tune — 3 attempt(s), clean, 6476+3883 tok
  1289 Harvest in Source — 5 attempt(s), clean, 9688+6306 tok
  1290 Harvest in Transformation — 4 attempt(s), clean, 7633+4857 tok
  1291 Harvest in Faith — 5 attempt(s), clean, 9132+6232 tok
  1292 Harvest in Abstraction — 5 attempt(s), 1 hard flag(s) open, 8840+6035 tok
  1293 Harvest in Breakthrough — 5 attempt(s), 2 hard flag(s) open, 9122+5980 tok
  1294 Harvest in Recognition — 3 attempt(s), clean, 6305+3567 tok
  1295 Harvest in Inspiration — 5 attempt(s), 10 hard flag(s) open, 9213+5953 tok
  1296 Harvest in Creation — 4 attempt(s), clean, 7463+4414 tok
  1297 Harvest in Actualization — 5 attempt(s), clean, 8896+5856 tok
  1298 Harvest in Imagination — 5 attempt(s), 1 hard flag(s) open, 9002+5864 tok
  1299 Commitment in Will — 5 attempt(s), 2 hard flag(s) open, 8813+5614 tok
  1300 Commitment in Potential — 5 attempt(s), clean, 9077+6329 tok
  1301 Commitment in Wisdom — 5 attempt(s), clean, 8014+4929 tok
  1302 Commitment in Nurturing — 4 attempt(s), clean, 7457+4537 tok
  1303 Commitment in Culture — 5 attempt(s), 1 hard flag(s) open, 8460+5605 tok
  1304 Commitment in Authority — 5 attempt(s), 2 hard flag(s) open, 8857+5855 tok
  1305 Commitment in Compassion — 5 attempt(s), clean, 8726+5635 tok
  1306 Commitment in Drive — 5 attempt(s), clean, 8731+5693 tok
  1307 Commitment in Fortitude — 5 attempt(s), clean, 8230+5057 tok
  1308 Commitment in Discipline — 4 attempt(s), clean, 7776+4982 tok
  1309 Commitment in Faith — 3 attempt(s), clean, 6071+3250 tok
  1310 Commitment in Source — 5 attempt(s), 1 hard flag(s) open, 8644+5514 tok
  1311 Commitment in Equity — 5 attempt(s), 1 hard flag(s) open, 8839+5768 tok
  1312 Commitment in Transformation — 5 attempt(s), 3 hard flag(s) open, 8973+5730 tok
  1313 Commitment in Breakthrough — 4 attempt(s), clean, 7183+4407 tok
  1314 Commitment in Inspiration — 4 attempt(s), clean, 7633+4421 tok
  1315 Commitment in Abstraction — 5 attempt(s), clean, 8817+6002 tok
  1316 Commitment in Tune — 5 attempt(s), 3 hard flag(s) open, 9059+6170 tok
  1317 Commitment in Imagination — 4 attempt(s), clean, 7268+4437 tok
  1318 Commitment in Actualization — 5 attempt(s), clean, 8308+5340 tok
  1319 Commitment in Recognition — 5 attempt(s), 1 hard flag(s) open, 8405+5490 tok
  1320 Commitment in Creation — 3 attempt(s), clean, 6295+3831 tok
  1321 Flourishing in Will — 4 attempt(s), clean, 7837+4938 tok
  1322 Flourishing in Wisdom — 4 attempt(s), clean, 7365+4290 tok
  1323 Flourishing in Potential — 5 attempt(s), 1 hard flag(s) open, 9532+5931 tok
  1324 Flourishing in Culture — 3 attempt(s), clean, 5893+3363 tok
  1325 Flourishing in Nurturing — 5 attempt(s), 1 hard flag(s) open, 9586+6544 tok
  1326 Flourishing in Authority — 5 attempt(s), clean, 9094+6110 tok
  1327 Flourishing in Drive — 5 attempt(s), 1 hard flag(s) open, 8473+5399 tok
  1328 Flourishing in Compassion — 5 attempt(s), 4 hard flag(s) open, 9069+5819 tok
  1329 Flourishing in Faith — 3 attempt(s), clean, 6267+3509 tok
  1330 Flourishing in Fortitude — 5 attempt(s), clean, 9225+6186 tok
  1331 Flourishing in Source — 5 attempt(s), clean, 9060+5961 tok
  1332 Flourishing in Discipline — 5 attempt(s), 2 hard flag(s) open, 9038+6149 tok
  1333 Flourishing in Equity — 4 attempt(s), clean, 7609+4878 tok
  1334 Flourishing in Abstraction — 3 attempt(s), clean, 6259+3490 tok
  1335 Flourishing in Transformation — 5 attempt(s), clean, 9476+6454 tok
  1336 Flourishing in Tune — 5 attempt(s), clean, 9085+5784 tok
  1337 Flourishing in Breakthrough — 4 attempt(s), clean, 7649+4720 tok
  1338 Flourishing in Inspiration — 4 attempt(s), clean, 7777+4706 tok
  1339 Flourishing in Actualization — 4 attempt(s), clean, 7730+4683 tok
  1340 Flourishing in Imagination — 5 attempt(s), 1 hard flag(s) open, 9027+5753 tok
  1341 Flourishing in Recognition — 5 attempt(s), 1 hard flag(s) open, 9134+5797 tok
  1342 Achievement in Potential — 4 attempt(s), clean, 7401+4322 tok
  1343 Flourishing in Creation — 5 attempt(s), 1 hard flag(s) open, 8907+5916 tok
  1344 Achievement in Will — 5 attempt(s), clean, 8886+5604 tok
  1345 Achievement in Authority — 3 attempt(s), clean, 5964+3375 tok
  1346 Achievement in Wisdom — 5 attempt(s), clean, 8179+5111 tok
  1347 Achievement in Nurturing — 5 attempt(s), clean, 8672+5511 tok
  1348 Achievement in Culture — 5 attempt(s), 1 hard flag(s) open, 9072+5692 tok
  1349 Achievement in Drive — 4 attempt(s), clean, 7415+4535 tok
  1350 Achievement in Compassion — 5 attempt(s), 3 hard flag(s) open, 8751+5679 tok
  1351 Achievement in Discipline — 3 attempt(s), clean, 6234+3708 tok
  1352 Achievement in Fortitude — 4 attempt(s), clean, 7647+4546 tok
  1353 Achievement in Source — 4 attempt(s), clean, 7120+4367 tok
  1354 Achievement in Equity — 3 attempt(s), clean, 6137+3618 tok
  1355 Achievement in Tune — 3 attempt(s), clean, 6074+3724 tok
  1356 Achievement in Transformation — 4 attempt(s), clean, 7493+4758 tok
  1357 Achievement in Faith — 5 attempt(s), clean, 8859+5922 tok
  1358 Achievement in Abstraction — 5 attempt(s), 1 hard flag(s) open, 8744+5583 tok
  1359 Achievement in Breakthrough — 4 attempt(s), clean, 7798+4837 tok
  1360 Achievement in Inspiration — 5 attempt(s), clean, 8495+5038 tok
  1361 Achievement in Actualization — 4 attempt(s), clean, 7174+4289 tok
  1362 Achievement in Imagination — 5 attempt(s), 2 hard flag(s) open, 8756+5668 tok
  1363 Initiate of Intent in Potential — 3 attempt(s), clean, 6276+3588 tok
  1364 Achievement in Recognition — 5 attempt(s), clean, 8807+5747 tok
  1365 Achievement in Creation — 5 attempt(s), clean, 8469+5489 tok
  1366 Initiate of Intent in Will — 4 attempt(s), clean, 7363+4506 tok
  1367 Initiate of Intent in Authority — 4 attempt(s), clean, 6952+4164 tok
  1368 Initiate of Intent in Wisdom — 5 attempt(s), 2 hard flag(s) open, 8840+5733 tok
  1369 Initiate of Intent in Culture — 4 attempt(s), clean, 7514+4831 tok
  1370 Initiate of Intent in Drive — 3 attempt(s), clean, 6180+3340 tok
  1371 Initiate of Intent in Discipline — 3 attempt(s), clean, 5812+3309 tok
  1372 Initiate of Intent in Nurturing — 5 attempt(s), clean, 9830+6890 tok
  1373 Initiate of Intent in Compassion — 4 attempt(s), clean, 7996+5210 tok
  1374 Initiate of Intent in Fortitude — 4 attempt(s), clean, 7241+4404 tok
  1375 Initiate of Intent in Source — 5 attempt(s), clean, 8859+5588 tok
  1376 Initiate of Intent in Faith — 5 attempt(s), clean, 8253+5048 tok
  1377 Initiate of Intent in Equity — 5 attempt(s), clean, 9522+6452 tok
  1378 Initiate of Intent in Abstraction — 5 attempt(s), clean, 8699+5442 tok
  1379 Initiate of Intent in Transformation — 5 attempt(s), 1 hard flag(s) open, 8706+5744 tok
  1380 Initiate of Intent in Breakthrough — 5 attempt(s), clean, 8688+5709 tok
  1381 Initiate of Intent in Tune — 5 attempt(s), 1 hard flag(s) open, 8871+5685 tok
  1382 Initiate of Intent in Inspiration — 4 attempt(s), clean, 7471+4689 tok
  1383 Initiate of Intent in Imagination — 4 attempt(s), clean, 8110+5309 tok
  1384 Initiate of Intent in Actualization — 4 attempt(s), clean, 7773+4728 tok
  1385 Catalyst of Intent in Nurturing — 3 attempt(s), clean, 6191+3626 tok
  1386 Catalyst of Intent in Wisdom — 4 attempt(s), clean, 7570+4655 tok
  1387 Catalyst of Intent in Potential — 5 attempt(s), 4 hard flag(s) open, 8564+5390 tok
  1388 Initiate of Intent in Recognition — 5 attempt(s), clean, 9173+5725 tok
  1389 Initiate of Intent in Creation — 5 attempt(s), 3 hard flag(s) open, 8302+5403 tok
  1390 Catalyst of Intent in Will — 5 attempt(s), 1 hard flag(s) open, 8857+5683 tok
  1391 Catalyst of Intent in Authority — 4 attempt(s), clean, 7544+4859 tok
  1392 Catalyst of Intent in Fortitude — 2 attempt(s), clean, 4870+2514 tok
  1393 Catalyst of Intent in Compassion — 4 attempt(s), clean, 7599+5009 tok
  1394 Catalyst of Intent in Culture — 5 attempt(s), 1 hard flag(s) open, 9106+5826 tok
  1395 Catalyst of Intent in Drive — 5 attempt(s), 1 hard flag(s) open, 8673+5532 tok
  1396 Catalyst of Intent in Discipline — 5 attempt(s), 1 hard flag(s) open, 8872+5970 tok
  1397 Catalyst of Intent in Equity — 5 attempt(s), clean, 8541+5433 tok
  1398 Catalyst of Intent in Source — 5 attempt(s), 1 hard flag(s) open, 9607+6622 tok
  1399 Catalyst of Intent in Tune — 3 attempt(s), clean, 5880+3284 tok
  1400 Catalyst of Intent in Transformation — 4 attempt(s), clean, 7407+4396 tok
  1401 Catalyst of Intent in Faith — 5 attempt(s), 2 hard flag(s) open, 8905+5691 tok
  1402 Catalyst of Intent in Abstraction — 5 attempt(s), clean, 8863+5642 tok
  1403 Catalyst of Intent in Inspiration — 4 attempt(s), clean, 7750+4802 tok
  1404 Catalyst of Intent in Imagination — 4 attempt(s), clean, 7381+4379 tok
  1405 Catalyst of Intent in Actualization — 4 attempt(s), clean, 7488+4642 tok
  1406 Catalyst of Intent in Breakthrough — 5 attempt(s), 1 hard flag(s) open, 9272+5879 tok
  1407 Catalyst of Intent in Recognition — 5 attempt(s), clean, 9015+5865 tok
  1408 Steward of Intent in Potential — 5 attempt(s), clean, 9186+6111 tok
  1409 Catalyst of Intent in Creation — 5 attempt(s), 1 hard flag(s) open, 9629+6801 tok
  1410 Steward of Intent in Authority — 3 attempt(s), clean, 5949+3315 tok
  1411 Steward of Intent in Nurturing — 4 attempt(s), clean, 7461+4537 tok
  1412 Steward of Intent in Will — 5 attempt(s), 1 hard flag(s) open, 9279+6245 tok
  1413 Steward of Intent in Wisdom — 5 attempt(s), 1 hard flag(s) open, 8856+5594 tok
  1414 Steward of Intent in Culture — 5 attempt(s), 1 hard flag(s) open, 9103+6154 tok
  1415 Steward of Intent in Compassion — 4 attempt(s), clean, 7717+4856 tok
  1416 Steward of Intent in Drive — 5 attempt(s), clean, 9322+6278 tok
  1417 Steward of Intent in Fortitude — 5 attempt(s), clean, 8678+5397 tok
  1418 Steward of Intent in Source — 4 attempt(s), clean, 7937+4592 tok
  1419 Steward of Intent in Discipline — 5 attempt(s), clean, 8773+5876 tok
  1420 Steward of Intent in Faith — 4 attempt(s), clean, 7506+4603 tok
  1421 Steward of Intent in Equity — 5 attempt(s), clean, 8743+5756 tok
  1422 Steward of Intent in Transformation — 5 attempt(s), 2 hard flag(s) open, 8823+5627 tok
  1423 Steward of Intent in Tune — 5 attempt(s), 1 hard flag(s) open, 8677+5818 tok
  1424 Steward of Intent in Recognition — 2 attempt(s), clean, 4557+2320 tok
  1425 Steward of Intent in Abstraction — 5 attempt(s), 1 hard flag(s) open, 8564+5693 tok
  1426 Steward of Intent in Actualization — 3 attempt(s), clean, 6125+3058 tok
  1427 Steward of Intent in Breakthrough — 5 attempt(s), clean, 8696+5711 tok
  1428 Steward of Intent in Inspiration — 5 attempt(s), 1 hard flag(s) open, 9246+6130 tok
  1429 Steward of Intent in Imagination — 5 attempt(s), clean, 9075+6204 tok
  1430 Steward of Intent in Creation — 5 attempt(s), clean, 8768+5739 tok
  1431 Executor of Intent in Potential — 5 attempt(s), 1 hard flag(s) open, 9310+6109 tok
  1432 Executor of Intent in Will — 5 attempt(s), clean, 9520+6389 tok
  1433 Executor of Intent in Nurturing — 5 attempt(s), clean, 9760+6521 tok
  1434 Executor of Intent in Wisdom — 5 attempt(s), 2 hard flag(s) open, 9651+6152 tok
  1435 Executor of Intent in Authority — 5 attempt(s), clean, 8830+5556 tok
  1436 Executor of Intent in Culture — 5 attempt(s), 2 hard flag(s) open, 9160+6047 tok
  1437 Executor of Intent in Drive — 3 attempt(s), clean, 6479+3724 tok
  1438 Executor of Intent in Compassion — 5 attempt(s), clean, 8963+5961 tok
  1439 Executor of Intent in Discipline — 4 attempt(s), clean, 7869+4634 tok
  1440 Executor of Intent in Fortitude — 5 attempt(s), clean, 9105+5989 tok
  1441 Executor of Intent in Equity — 5 attempt(s), 1 hard flag(s) open, 8719+5615 tok
  1442 Executor of Intent in Source — 5 attempt(s), 2 hard flag(s) open, 8908+5729 tok
  1443 Executor of Intent in Tune — 4 attempt(s), clean, 7989+5018 tok
  1444 Executor of Intent in Faith — 5 attempt(s), 1 hard flag(s) open, 9468+6374 tok
  1445 Executor of Intent in Abstraction — 4 attempt(s), clean, 7805+4663 tok
  1446 Executor of Intent in Transformation — 5 attempt(s), 1 hard flag(s) open, 8858+5619 tok
  1447 Executor of Intent in Breakthrough — 5 attempt(s), clean, 9148+6100 tok
  1448 Executor of Intent in Creation — 4 attempt(s), clean, 7588+4490 tok
  1449 Executor of Intent in Inspiration — 5 attempt(s), clean, 9737+6579 tok
  1450 Executor of Intent in Imagination — 5 attempt(s), 2 hard flag(s) open, 8780+5597 tok
  1451 Initiate of Cognition in Will — 3 attempt(s), clean, 5978+3470 tok
  1452 Initiate of Cognition in Potential — 4 attempt(s), clean, 7319+4656 tok
  1453 Executor of Intent in Recognition — 4 attempt(s), clean, 8111+4930 tok
  1454 Executor of Intent in Actualization — 5 attempt(s), clean, 9597+6853 tok
  1455 Initiate of Cognition in Nurturing — 4 attempt(s), clean, 7158+4546 tok
  1456 Initiate of Cognition in Culture — 4 attempt(s), clean, 7463+4471 tok
  1457 Initiate of Cognition in Authority — 4 attempt(s), clean, 7466+4496 tok
  1458 Initiate of Cognition in Wisdom — 5 attempt(s), 2 hard flag(s) open, 8824+5215 tok
  1459 Initiate of Cognition in Drive — 4 attempt(s), clean, 7932+4987 tok
  1460 Initiate of Cognition in Compassion — 5 attempt(s), 1 hard flag(s) open, 8967+6004 tok
  1461 Initiate of Cognition in Discipline — 4 attempt(s), clean, 7374+4592 tok
  1462 Initiate of Cognition in Fortitude — 5 attempt(s), 2 hard flag(s) open, 8720+6180 tok
  1463 Initiate of Cognition in Source — 4 attempt(s), clean, 7409+4589 tok
  1464 Initiate of Cognition in Transformation — 4 attempt(s), clean, 7744+4738 tok
  1465 Initiate of Cognition in Faith — 5 attempt(s), clean, 8561+5515 tok
  1466 Initiate of Cognition in Tune — 4 attempt(s), clean, 7740+4977 tok
  1467 Initiate of Cognition in Equity — 5 attempt(s), 1 hard flag(s) open, 9118+6035 tok
  1468 Initiate of Cognition in Abstraction — 5 attempt(s), clean, 8721+5670 tok
  1469 Initiate of Cognition in Breakthrough — 5 attempt(s), clean, 8606+5751 tok
  1470 Initiate of Cognition in Imagination — 3 attempt(s), clean, 5723+3110 tok
  1471 Initiate of Cognition in Inspiration — 5 attempt(s), clean, 8675+5384 tok
  1472 Initiate of Cognition in Recognition — 3 attempt(s), clean, 6359+3639 tok
  1473 Initiate of Cognition in Actualization — 4 attempt(s), clean, 7630+4905 tok
  1474 Catalyst of Cognition in Potential — 4 attempt(s), clean, 7394+4474 tok
  1475 Initiate of Cognition in Creation — 4 attempt(s), clean, 7720+4866 tok
  1476 Catalyst of Cognition in Will — 5 attempt(s), clean, 8630+5477 tok
  1477 Catalyst of Cognition in Wisdom — 5 attempt(s), clean, 8714+5425 tok
  1478 Catalyst of Cognition in Nurturing — 5 attempt(s), 1 hard flag(s) open, 8375+5612 tok
  1479 Catalyst of Cognition in Authority — 5 attempt(s), 1 hard flag(s) open, 8543+5253 tok
  1480 Catalyst of Cognition in Culture — 5 attempt(s), 2 hard flag(s) open, 9336+6525 tok
  1481 Catalyst of Cognition in Drive — 5 attempt(s), 1 hard flag(s) open, 8690+5693 tok
  1482 Catalyst of Cognition in Compassion — 5 attempt(s), 1 hard flag(s) open, 8519+5688 tok
  1483 Catalyst of Cognition in Fortitude — 5 attempt(s), 1 hard flag(s) open, 9070+5962 tok
  1484 Catalyst of Cognition in Source — 3 attempt(s), clean, 6018+3524 tok
  1485 Catalyst of Cognition in Discipline — 5 attempt(s), 1 hard flag(s) open, 8675+5504 tok
  1486 Catalyst of Cognition in Faith — 5 attempt(s), 1 hard flag(s) open, 8843+5851 tok
  1487 Catalyst of Cognition in Equity — 5 attempt(s), clean, 8747+5815 tok
  1488 Catalyst of Cognition in Transformation — 4 attempt(s), clean, 7633+4825 tok
  1489 Catalyst of Cognition in Tune — 5 attempt(s), 1 hard flag(s) open, 8526+5525 tok
  1490 Catalyst of Cognition in Abstraction — 5 attempt(s), clean, 9037+5857 tok
  1491 Catalyst of Cognition in Inspiration — 5 attempt(s), 2 hard flag(s) open, 8598+5455 tok
  1492 Catalyst of Cognition in Breakthrough — 4 attempt(s), clean, 7803+5038 tok
  1493 Catalyst of Cognition in Actualization — 3 attempt(s), clean, 5892+3386 tok
  1494 Catalyst of Cognition in Recognition — 4 attempt(s), clean, 7562+4891 tok
  1495 Catalyst of Cognition in Imagination — 5 attempt(s), 1 hard flag(s) open, 9382+6453 tok
  1496 Steward of Cognition in Wisdom — 3 attempt(s), clean, 6288+3536 tok
  1497 Catalyst of Cognition in Creation — 5 attempt(s), clean, 8851+5733 tok
  1498 Steward of Cognition in Potential — 5 attempt(s), clean, 8580+5383 tok
  1499 Steward of Cognition in Nurturing — 4 attempt(s), clean, 7987+5383 tok
  1500 Steward of Cognition in Will — 5 attempt(s), 2 hard flag(s) open, 9295+6278 tok
  1501 Steward of Cognition in Authority — 5 attempt(s), clean, 8539+5508 tok
  1502 Steward of Cognition in Culture — 4 attempt(s), clean, 7313+4569 tok
  1503 Steward of Cognition in Compassion — 4 attempt(s), clean, 7576+5016 tok
  1504 Steward of Cognition in Drive — 4 attempt(s), clean, 7742+4907 tok
  1505 Steward of Cognition in Discipline — 5 attempt(s), 1 hard flag(s) open, 9261+6389 tok
  1506 Steward of Cognition in Fortitude — 5 attempt(s), clean, 9298+6209 tok
  1507 Steward of Cognition in Equity — 4 attempt(s), clean, 7641+4853 tok
  1508 Steward of Cognition in Source — 5 attempt(s), clean, 9107+6361 tok
  1509 Steward of Cognition in Tune — 3 attempt(s), clean, 6177+3684 tok
  1510 Steward of Cognition in Transformation — 5 attempt(s), 1 hard flag(s) open, 8468+5280 tok
  1511 Steward of Cognition in Faith — 5 attempt(s), 1 hard flag(s) open, 9385+6122 tok
  1512 Steward of Cognition in Abstraction — 5 attempt(s), 3 hard flag(s) open, 8727+5616 tok
  1513 Steward of Cognition in Inspiration — 4 attempt(s), clean, 7610+4804 tok
  1514 Steward of Cognition in Imagination — 5 attempt(s), 1 hard flag(s) open, 8752+5454 tok
  1515 Steward of Cognition in Actualization — 5 attempt(s), clean, 8375+5695 tok
  1516 Steward of Cognition in Breakthrough — 5 attempt(s), 1 hard flag(s) open, 9251+5971 tok
  1517 Steward of Cognition in Recognition — 5 attempt(s), clean, 9257+5887 tok
  1518 Steward of Cognition in Creation — 5 attempt(s), clean, 9068+5867 tok
  1519 Executor of Cognition in Potential — 5 attempt(s), clean, 9482+6399 tok
  1520 Executor of Cognition in Will — 5 attempt(s), clean, 8803+5640 tok
  1521 Executor of Cognition in Wisdom — 5 attempt(s), 1 hard flag(s) open, 8755+5769 tok
  1522 Executor of Cognition in Authority — 5 attempt(s), 1 hard flag(s) open, 8689+5560 tok
  1523 Executor of Cognition in Nurturing — 5 attempt(s), clean, 9136+6060 tok
  1524 Executor of Cognition in Compassion — 4 attempt(s), clean, 7557+4545 tok
  1525 Executor of Cognition in Drive — 4 attempt(s), clean, 7490+4758 tok
  1526 Executor of Cognition in Culture — 5 attempt(s), 1 hard flag(s) open, 8715+5760 tok
  1527 Executor of Cognition in Fortitude — 3 attempt(s), clean, 6488+3666 tok
  1528 Executor of Cognition in Discipline — 4 attempt(s), clean, 7422+4298 tok
  1529 Executor of Cognition in Faith — 3 attempt(s), clean, 6055+3260 tok
  1530 Executor of Cognition in Source — 5 attempt(s), clean, 8277+5092 tok
  1531 Executor of Cognition in Equity — 5 attempt(s), 1 hard flag(s) open, 8031+5050 tok
  1532 Executor of Cognition in Transformation — 5 attempt(s), clean, 8613+5591 tok
  1533 Executor of Cognition in Breakthrough — 4 attempt(s), clean, 7278+4300 tok
  1534 Executor of Cognition in Tune — 5 attempt(s), clean, 9251+6431 tok
  1535 Executor of Cognition in Abstraction — 5 attempt(s), clean, 8757+5957 tok
  1536 Executor of Cognition in Inspiration — 4 attempt(s), clean, 8173+5009 tok
  1537 Executor of Cognition in Imagination — 5 attempt(s), 2 hard flag(s) open, 8632+5460 tok
  1538 Executor of Cognition in Recognition — 4 attempt(s), clean, 7115+4308 tok
  1539 Executor of Cognition in Actualization — 5 attempt(s), 1 hard flag(s) open, 9021+5994 tok
  1540 Initiate of Resonance in Will — 3 attempt(s), clean, 6097+3317 tok
  1541 Initiate of Resonance in Potential — 5 attempt(s), clean, 8855+5944 tok
  1542 Executor of Cognition in Creation — 5 attempt(s), 2 hard flag(s) open, 8994+5622 tok
  1543 Initiate of Resonance in Wisdom — 4 attempt(s), clean, 7873+4977 tok
  1544 Initiate of Resonance in Nurturing — 5 attempt(s), 2 hard flag(s) open, 9105+5753 tok
  1545 Initiate of Resonance in Authority — 4 attempt(s), clean, 7525+4558 tok
  1546 Initiate of Resonance in Compassion — 4 attempt(s), clean, 7869+5034 tok
  1547 Initiate of Resonance in Drive — 5 attempt(s), 1 hard flag(s) open, 8520+5371 tok
  1548 Initiate of Resonance in Culture — 5 attempt(s), clean, 8994+6183 tok
  1549 Initiate of Resonance in Equity — 4 attempt(s), clean, 7685+4813 tok
  1550 Initiate of Resonance in Discipline — 5 attempt(s), clean, 8749+5638 tok
  1551 Initiate of Resonance in Faith — 4 attempt(s), clean, 7637+4612 tok
  1552 Initiate of Resonance in Fortitude — 5 attempt(s), clean, 9234+5989 tok
  1553 Initiate of Resonance in Source — 5 attempt(s), 1 hard flag(s) open, 9325+5955 tok
  1554 Initiate of Resonance in Transformation — 4 attempt(s), clean, 7317+4211 tok
  1555 Initiate of Resonance in Abstraction — 5 attempt(s), clean, 8478+5074 tok
  1556 Initiate of Resonance in Tune — 5 attempt(s), 1 hard flag(s) open, 9242+6167 tok
  1557 Initiate of Resonance in Imagination — 4 attempt(s), clean, 7174+4403 tok
  1558 Initiate of Resonance in Inspiration — 4 attempt(s), clean, 8546+5790 tok
  1559 Initiate of Resonance in Breakthrough — 5 attempt(s), 1 hard flag(s) open, 8719+5798 tok
  1560 Initiate of Resonance in Recognition — 4 attempt(s), clean, 7492+4375 tok
  1561 Initiate of Resonance in Actualization — 4 attempt(s), clean, 7766+4956 tok
  1562 Initiate of Resonance in Creation — 4 attempt(s), clean, 7120+4327 tok
  1563 Catalyst of Resonance in Will — 4 attempt(s), clean, 7461+4362 tok
  1564 Catalyst of Resonance in Potential — 5 attempt(s), 3 hard flag(s) open, 8894+5808 tok
  1565 Catalyst of Resonance in Culture — 4 attempt(s), clean, 7186+4560 tok
  1566 Catalyst of Resonance in Nurturing — 4 attempt(s), clean, 7593+4695 tok
  1567 Catalyst of Resonance in Wisdom — 4 attempt(s), clean, 7999+5166 tok
  1568 Catalyst of Resonance in Authority — 5 attempt(s), 2 hard flag(s) open, 8539+5659 tok
  1569 Catalyst of Resonance in Drive — 4 attempt(s), clean, 7843+4871 tok
  1570 Catalyst of Resonance in Compassion — 5 attempt(s), clean, 9294+6228 tok
  1571 Catalyst of Resonance in Fortitude — 4 attempt(s), clean, 7641+4673 tok
  1572 Catalyst of Resonance in Discipline — 5 attempt(s), clean, 8885+5466 tok
  1573 Catalyst of Resonance in Source — 4 attempt(s), clean, 7215+4264 tok
  1574 Catalyst of Resonance in Transformation — 4 attempt(s), clean, 7577+4637 tok
  1575 Catalyst of Resonance in Equity — 5 attempt(s), clean, 8800+5721 tok
  1576 Catalyst of Resonance in Tune — 5 attempt(s), 1 hard flag(s) open, 7958+5032 tok
  1577 Catalyst of Resonance in Faith — 5 attempt(s), 1 hard flag(s) open, 9316+6207 tok
  1578 Catalyst of Resonance in Abstraction — 5 attempt(s), 3 hard flag(s) open, 8358+5221 tok
  1579 Catalyst of Resonance in Breakthrough — 4 attempt(s), clean, 7012+4079 tok
  1580 Catalyst of Resonance in Imagination — 4 attempt(s), clean, 7303+4185 tok
  1581 Catalyst of Resonance in Inspiration — 5 attempt(s), 2 hard flag(s) open, 8918+5827 tok
  1582 Catalyst of Resonance in Creation — 4 attempt(s), clean, 7635+4900 tok
  1583 Steward of Resonance in Potential — 4 attempt(s), clean, 7696+4765 tok
  1584 Catalyst of Resonance in Actualization — 5 attempt(s), 2 hard flag(s) open, 9664+6669 tok
  1585 Steward of Resonance in Will — 4 attempt(s), clean, 7555+4606 tok
  1586 Catalyst of Resonance in Recognition — 5 attempt(s), 1 hard flag(s) open, 10130+7313 tok
  1587 Steward of Resonance in Wisdom — 5 attempt(s), clean, 8852+5571 tok
  1588 Steward of Resonance in Nurturing — 5 attempt(s), 3 hard flag(s) open, 9557+6442 tok
  1589 Steward of Resonance in Culture — 5 attempt(s), 2 hard flag(s) open, 8157+5121 tok
  1590 Steward of Resonance in Authority — 5 attempt(s), clean, 8844+5811 tok
  1591 Steward of Resonance in Compassion — 5 attempt(s), clean, 9038+5963 tok
  1592 Steward of Resonance in Discipline — 5 attempt(s), 2 hard flag(s) open, 8214+4955 tok
  1593 Steward of Resonance in Drive — 5 attempt(s), 3 hard flag(s) open, 9436+5763 tok
  1594 Steward of Resonance in Fortitude — 5 attempt(s), 1 hard flag(s) open, 8853+5841 tok
  1595 Steward of Resonance in Source — 5 attempt(s), clean, 8830+5760 tok
  1596 Steward of Resonance in Faith — 4 attempt(s), clean, 7894+4594 tok
  1597 Steward of Resonance in Equity — 5 attempt(s), 1 hard flag(s) open, 9057+5783 tok
  1598 Steward of Resonance in Transformation — 5 attempt(s), 1 hard flag(s) open, 8862+5826 tok
  1599 Steward of Resonance in Breakthrough — 3 attempt(s), clean, 6310+3587 tok
  1600 Steward of Resonance in Abstraction — 4 attempt(s), clean, 7670+4850 tok
  1601 Steward of Resonance in Inspiration — 3 attempt(s), clean, 6434+3679 tok
  1602 Steward of Resonance in Tune — 5 attempt(s), clean, 9079+5896 tok
  1603 Steward of Resonance in Imagination — 3 attempt(s), clean, 6261+3648 tok
  1604 Steward of Resonance in Recognition — 5 attempt(s), clean, 9070+5965 tok
  1605 Steward of Resonance in Actualization — 5 attempt(s), 1 hard flag(s) open, 8754+5235 tok
  1606 Steward of Resonance in Creation — 5 attempt(s), 2 hard flag(s) open, 9022+5795 tok
  1607 Executor of Resonance in Potential — 5 attempt(s), 3 hard flag(s) open, 8948+5650 tok
  1608 Executor of Resonance in Wisdom — 5 attempt(s), clean, 8765+5584 tok
  1609 Executor of Resonance in Will — 5 attempt(s), 3 hard flag(s) open, 9227+6009 tok
  1610 Executor of Resonance in Nurturing — 5 attempt(s), clean, 8986+5817 tok
  1611 Executor of Resonance in Authority — 5 attempt(s), 3 hard flag(s) open, 9174+5863 tok
  1612 Executor of Resonance in Culture — 5 attempt(s), clean, 8697+5560 tok
  1613 Executor of Resonance in Compassion — 5 attempt(s), clean, 9205+5826 tok
  1614 Executor of Resonance in Drive — 4 attempt(s), clean, 7987+5021 tok
  1615 Executor of Resonance in Fortitude — 5 attempt(s), 4 hard flag(s) open, 8724+5355 tok
  1616 Executor of Resonance in Discipline — 5 attempt(s), 3 hard flag(s) open, 9221+5890 tok
  1617 Executor of Resonance in Source — 5 attempt(s), 1 hard flag(s) open, 9007+5559 tok
  1618 Executor of Resonance in Equity — 5 attempt(s), 1 hard flag(s) open, 8920+5896 tok
  1619 Executor of Resonance in Faith — 5 attempt(s), 3 hard flag(s) open, 9337+5750 tok
  1620 Executor of Resonance in Transformation — 4 attempt(s), clean, 7704+4508 tok
  1621 Executor of Resonance in Tune — 5 attempt(s), 1 hard flag(s) open, 8798+5535 tok
  1622 Executor of Resonance in Breakthrough — 5 attempt(s), 1 hard flag(s) open, 8920+5953 tok
  1623 Executor of Resonance in Abstraction — 5 attempt(s), 2 hard flag(s) open, 10029+7365 tok
  1624 Executor of Resonance in Imagination — 4 attempt(s), clean, 7904+5078 tok
  1625 Executor of Resonance in Actualization — 5 attempt(s), 4 hard flag(s) open, 9048+5920 tok
  1626 Executor of Resonance in Inspiration — 5 attempt(s), 2 hard flag(s) open, 9425+6054 tok
  1627 Executor of Resonance in Recognition — 5 attempt(s), 4 hard flag(s) open, 8999+5886 tok
  1628 Executor of Resonance in Creation — 4 attempt(s), clean, 7553+4663 tok
  1629 Initiate of Structure in Will — 3 attempt(s), clean, 6241+3669 tok
  1630 Initiate of Structure in Potential — 5 attempt(s), clean, 8789+5715 tok
  1631 Initiate of Structure in Nurturing — 4 attempt(s), clean, 8117+4949 tok
  1632 Initiate of Structure in Authority — 5 attempt(s), clean, 8805+5351 tok
  1633 Initiate of Structure in Wisdom — 5 attempt(s), 4 hard flag(s) open, 9874+5907 tok
  1634 Initiate of Structure in Drive — 4 attempt(s), clean, 7270+4542 tok
  1635 Initiate of Structure in Compassion — 5 attempt(s), 1 hard flag(s) open, 9285+6045 tok
  1636 Initiate of Structure in Culture — 5 attempt(s), 1 hard flag(s) open, 10454+7244 tok
  1637 Initiate of Structure in Fortitude — 5 attempt(s), 3 hard flag(s) open, 9221+5987 tok
  1638 Initiate of Structure in Source — 4 attempt(s), clean, 7445+4398 tok
  1639 Initiate of Structure in Discipline — 5 attempt(s), clean, 9251+6041 tok
  1640 Initiate of Structure in Faith — 4 attempt(s), clean, 7393+4246 tok
  1641 Initiate of Structure in Transformation — 4 attempt(s), clean, 7482+4441 tok
  1642 Initiate of Structure in Equity — 5 attempt(s), clean, 9171+5911 tok
  1643 Initiate of Structure in Tune — 4 attempt(s), clean, 7659+4644 tok
  1644 Initiate of Structure in Abstraction — 4 attempt(s), clean, 7814+4895 tok
  1645 Initiate of Structure in Breakthrough — 5 attempt(s), clean, 8521+5222 tok
  1646 Initiate of Structure in Recognition — 3 attempt(s), clean, 6372+3904 tok
  1647 Initiate of Structure in Inspiration — 5 attempt(s), clean, 9226+6342 tok
  1648 Initiate of Structure in Actualization — 4 attempt(s), clean, 7825+5094 tok
  1649 Initiate of Structure in Creation — 5 attempt(s), 1 hard flag(s) open, 8990+5888 tok
  1650 Initiate of Structure in Imagination — 5 attempt(s), 2 hard flag(s) open, 9879+6466 tok
  1651 Catalyst of Structure in Potential — 5 attempt(s), clean, 9027+6120 tok
  1652 Catalyst of Structure in Will — 5 attempt(s), clean, 9383+6455 tok
  1653 Catalyst of Structure in Wisdom — 5 attempt(s), clean, 8532+5619 tok
  1654 Catalyst of Structure in Compassion — 3 attempt(s), clean, 6125+3311 tok
  1655 Catalyst of Structure in Nurturing — 4 attempt(s), clean, 7670+4840 tok
  1656 Catalyst of Structure in Culture — 5 attempt(s), clean, 9038+6055 tok
  1657 Catalyst of Structure in Drive — 4 attempt(s), clean, 7309+4567 tok
  1658 Catalyst of Structure in Authority — 5 attempt(s), 1 hard flag(s) open, 9364+6325 tok
  1659 Catalyst of Structure in Fortitude — 4 attempt(s), clean, 7523+4530 tok
  1660 Catalyst of Structure in Faith — 4 attempt(s), clean, 6941+3996 tok
  1661 Catalyst of Structure in Discipline — 5 attempt(s), 2 hard flag(s) open, 9015+5759 tok
  1662 Catalyst of Structure in Source — 5 attempt(s), 2 hard flag(s) open, 8780+5355 tok
  1663 Catalyst of Structure in Tune — 3 attempt(s), clean, 6121+3348 tok
  1664 Catalyst of Structure in Equity — 5 attempt(s), clean, 9499+6374 tok
  1665 Catalyst of Structure in Abstraction — 5 attempt(s), clean, 8771+5650 tok
  1666 Catalyst of Structure in Transformation — 5 attempt(s), clean, 9064+5822 tok
  1667 Catalyst of Structure in Breakthrough — 5 attempt(s), clean, 9173+5818 tok
  1668 Catalyst of Structure in Imagination — 4 attempt(s), clean, 7644+4664 tok
  1669 Catalyst of Structure in Recognition — 4 attempt(s), clean, 7412+4626 tok
  1670 Catalyst of Structure in Inspiration — 5 attempt(s), 1 hard flag(s) open, 8785+5895 tok
  1671 Catalyst of Structure in Creation — 4 attempt(s), clean, 7445+4475 tok
  1672 Catalyst of Structure in Actualization — 5 attempt(s), 1 hard flag(s) open, 8877+5589 tok
  1673 Steward of Structure in Potential — 5 attempt(s), 2 hard flag(s) open, 9440+5622 tok
  1674 Steward of Structure in Wisdom — 5 attempt(s), 2 hard flag(s) open, 9152+5836 tok
  1675 Steward of Structure in Will — 5 attempt(s), 1 hard flag(s) open, 9595+6108 tok
  1676 Steward of Structure in Nurturing — 5 attempt(s), 1 hard flag(s) open, 8596+5582 tok
  1677 Steward of Structure in Compassion — 5 attempt(s), 3 hard flag(s) open, 8867+5563 tok
  1678 Steward of Structure in Authority — 5 attempt(s), 1 hard flag(s) open, 9164+6069 tok
  1679 Steward of Structure in Culture — 5 attempt(s), clean, 8841+5862 tok
  1680 Steward of Structure in Drive — 5 attempt(s), clean, 9139+5998 tok
  1681 Steward of Structure in Discipline — 4 attempt(s), clean, 7508+4378 tok
  1682 Steward of Structure in Fortitude — 5 attempt(s), clean, 9110+5836 tok
  1683 Steward of Structure in Source — 5 attempt(s), clean, 8759+5540 tok
  1684 Steward of Structure in Equity — 5 attempt(s), 2 hard flag(s) open, 8757+5806 tok
  1685 Steward of Structure in Tune — 4 attempt(s), clean, 7297+4543 tok
  1686 Steward of Structure in Transformation — 4 attempt(s), clean, 8026+5139 tok
  1687 Steward of Structure in Faith — 5 attempt(s), 1 hard flag(s) open, 8877+5520 tok
  1688 Steward of Structure in Abstraction — 4 attempt(s), clean, 7937+4882 tok
  1689 Steward of Structure in Breakthrough — 5 attempt(s), clean, 8384+5368 tok
  1690 Steward of Structure in Inspiration — 5 attempt(s), 3 hard flag(s) open, 9384+5947 tok
  1691 Steward of Structure in Imagination — 5 attempt(s), clean, 9142+6156 tok
  1692 Steward of Structure in Creation — 4 attempt(s), clean, 7520+4567 tok
  1693 Steward of Structure in Actualization — 5 attempt(s), 2 hard flag(s) open, 8708+5642 tok
  1694 Steward of Structure in Recognition — 5 attempt(s), 2 hard flag(s) open, 9114+6146 tok
  1695 Executor of Structure in Potential — 5 attempt(s), clean, 8600+5344 tok
  1696 Executor of Structure in Will — 5 attempt(s), 2 hard flag(s) open, 8987+5575 tok
  1697 Executor of Structure in Wisdom — 4 attempt(s), clean, 7983+5075 tok
  1698 Executor of Structure in Nurturing — 5 attempt(s), 2 hard flag(s) open, 8674+5417 tok
  1699 Executor of Structure in Compassion — 5 attempt(s), clean, 8795+5596 tok
  1700 Executor of Structure in Authority — 5 attempt(s), clean, 9188+5733 tok
  1701 Executor of Structure in Culture — 5 attempt(s), 2 hard flag(s) open, 9476+6217 tok
  1702 Executor of Structure in Drive — 5 attempt(s), 1 hard flag(s) open, 8862+5207 tok
  1703 Executor of Structure in Fortitude — 5 attempt(s), clean, 8955+5595 tok
  1704 Executor of Structure in Discipline — 5 attempt(s), 4 hard flag(s) open, 9155+6065 tok
  1705 Executor of Structure in Equity — 3 attempt(s), clean, 6249+3529 tok
  1706 Executor of Structure in Source — 5 attempt(s), clean, 9003+5857 tok
  1707 Executor of Structure in Breakthrough — 3 attempt(s), clean, 6417+3686 tok
  1708 Executor of Structure in Transformation — 4 attempt(s), clean, 7699+4462 tok
  1709 Executor of Structure in Faith — 5 attempt(s), clean, 8746+5512 tok
  1710 Executor of Structure in Tune — 5 attempt(s), 1 hard flag(s) open, 9230+5715 tok
  1711 Executor of Structure in Abstraction — 5 attempt(s), clean, 9139+6026 tok
  1712 Executor of Structure in Recognition — 3 attempt(s), clean, 6367+3393 tok
  1713 Executor of Structure in Imagination — 4 attempt(s), clean, 7822+4712 tok
  1714 Executor of Structure in Inspiration — 5 attempt(s), 3 hard flag(s) open, 9429+6185 tok
  1715 Executor of Structure in Creation — 3 attempt(s), clean, 6031+3297 tok
  1716 Executor of Structure in Actualization — 4 attempt(s), clean, 7866+4867 tok
done 1716, failed 0 in 4951s
stored calls 1716 · cells 6860 · re-rolled 1715 · hard flags still open 1059
tokens in 13806827 out 8938627 · cost $7.43 at $0.15/$0.6 per M (OpenRouter's list (deepseek/deepseek-v4.1-flash)) — the stored cells were authored on or-v4.1-flash; the console's ledger is the truth
lint flags (! hard, ~ soft): seat~ 5922  refrain~ 2456  tense~ 1962  length~ 1837  said~ 1808  weave~ 1707  vocab~ 1651  ask~ 1613  scope~ 846  wound~ 560  refrain! 460  format~ 316  hunch~ 182  vocab! 91  scope! 84  diagnosis~ 84  glass! 17  length! 17  imperative! 17  names! 7  hunch! 4  person! 4  label! 2  ask! 2  history! 1  missing! 1  weave! 1
UNRESOLVED after 5 attempts: Potential in Potential [refrain] · Potential in Will [] · Potential in Nurturing [] · Potential in Authority [scope] · Potential in Equity [] · Potential in Transformation [vocab] · Potential in Tune [refrain,glass,scope] · Potential in Inspiration [refrain] · Potential in Recognition [refrain] · Potential in Creation [refrain] · Will in Culture [] · Will in Drive [] · Will in Discipline [] · Will in Faith [vocab] · Will in Transformation [refrain] · Will in Abstraction [] · Will in Breakthrough [refrain] · Will in Inspiration [] · Will in Imagination [refrain] · Will in Actualization [scope,refrain] · Will in Recognition [length,scope] · Wisdom in Potential [refrain] · Wisdom in Will [glass,imperative] · Wisdom in Nurturing [hunch] · Wisdom in Culture [scope] · Wisdom in Drive [] · Wisdom in Fortitude [] · Wisdom in Discipline [vocab,refrain,scope] · Wisdom in Transformation [refrain] · Wisdom in Tune [refrain] · Wisdom in Abstraction [scope] · Wisdom in Inspiration [] · Wisdom in Actualization [] · Nurturing in Will [vocab,history] · Nurturing in Discipline [refrain] · Nurturing in Tune [refrain] · Nurturing in Inspiration [refrain] · Nurturing in Imagination [refrain] · Nurturing in Actualization [vocab] · Nurturing in Recognition [] · Authority in Potential [vocab] · Authority in Wisdom [] · Authority in Culture [] · Authority in Source [scope,refrain] · Authority in Equity [refrain] · Authority in Transformation [refrain] · Authority in Imagination [vocab] · Authority in Actualization [refrain] · Culture in Will [refrain,length] · Culture in Drive [refrain] · Culture in Discipline [scope] · Culture in Inspiration [] · Compassion in Will [refrain] · Compassion in Wisdom [imperative,refrain] · Compassion in Authority [refrain] · Compassion in Culture [] · Compassion in Fortitude [scope] · Compassion in Source [] · Compassion in Faith [scope] · Compassion in Transformation [] · Compassion in Abstraction [] · Compassion in Breakthrough [scope] · Compassion in Recognition [scope] · Compassion in Creation [] · Drive in Will [] · Drive in Wisdom [vocab] · Drive in Discipline [refrain] · Drive in Equity [glass,scope,refrain] · Drive in Inspiration [refrain] · Drive in Creation [scope] · Fortitude in Will [scope] · Fortitude in Authority [label] · Fortitude in Drive [] · Fortitude in Fortitude [scope] · Fortitude in Source [length] · Fortitude in Equity [refrain] · Fortitude in Faith [refrain,scope,vocab] · Fortitude in Breakthrough [refrain] · Discipline in Potential [] · Discipline in Wisdom [refrain] · Discipline in Authority [] · Discipline in Discipline [refrain] · Discipline in Equity [refrain] · Discipline in Breakthrough [refrain] · Discipline in Imagination [refrain] · Source in Will [refrain] · Source in Wisdom [refrain] · Source in Fortitude [] · Source in Discipline [refrain] · Source in Abstraction [vocab] · Source in Imagination [] · Source in Recognition [] · Source in Creation [] · Equity in Culture [] · Equity in Compassion [refrain] · Equity in Fortitude [scope] · Equity in Equity [scope] · Equity in Faith [refrain,scope] · Equity in Tune [refrain] · Equity in Abstraction [refrain] · Equity in Recognition [] · Equity in Creation [] · Faith in Potential [scope] · Faith in Authority [] · Faith in Compassion [imperative,scope,ask] · Faith in Fortitude [] · Faith in Transformation [refrain] · Faith in Tune [refrain] · Faith in Abstraction [refrain,vocab] · Faith in Actualization [refrain] · Faith in Recognition [] · Transformation in Will [imperative] · Transformation in Authority [] · Transformation in Culture [refrain] · Transformation in Compassion [] · Transformation in Discipline [] · Transformation in Abstraction [refrain] · Transformation in Creation [refrain] · Tune in Potential [] · Tune in Will [scope] · Tune in Wisdom [refrain] · Tune in Authority [] · Tune in Discipline [] · Tune in Source [refrain] · Tune in Abstraction [scope] · Tune in Imagination [imperative,refrain] · Abstraction in Will [refrain] · Abstraction in Authority [refrain] · Abstraction in Compassion [refrain] · Abstraction in Drive [refrain] · Abstraction in Source [scope] · Abstraction in Recognition [refrain] · Breakthrough in Wisdom [refrain] · Breakthrough in Culture [scope] · Breakthrough in Compassion [person] · Breakthrough in Drive [scope,refrain] · Breakthrough in Discipline [imperative] · Breakthrough in Source [refrain,vocab] · Breakthrough in Faith [] · Breakthrough in Tune [scope] · Breakthrough in Abstraction [refrain,length] · Breakthrough in Breakthrough [scope] · Breakthrough in Imagination [refrain] · Breakthrough in Recognition [] · Inspiration in Compassion [refrain] · Inspiration in Drive [refrain] · Inspiration in Fortitude [refrain] · Inspiration in Discipline [scope] · Inspiration in Source [refrain] · Inspiration in Abstraction [refrain] · Inspiration in Imagination [refrain] · Inspiration in Actualization [] · Imagination in Wisdom [] · Imagination in Compassion [length] · Imagination in Drive [refrain] · Imagination in Fortitude [vocab] · Imagination in Discipline [refrain] · Imagination in Source [] · Imagination in Faith [refrain] · Imagination in Transformation [] · Imagination in Breakthrough [refrain] · Imagination in Recognition [names,vocab] · Actualization in Potential [refrain] · Actualization in Fortitude [vocab] · Actualization in Discipline [] · Actualization in Tune [refrain] · Actualization in Breakthrough [] · Actualization in Imagination [refrain] · Recognition in Potential [refrain] · Recognition in Authority [refrain] · Recognition in Culture [vocab] · Recognition in Compassion [scope] · Recognition in Drive [] · Recognition in Faith [vocab] · Recognition in Transformation [vocab] · Recognition in Breakthrough [refrain] · Creation in Culture [refrain] · Creation in Compassion [refrain] · Creation in Fortitude [] · Creation in Source [refrain] · Creation in Faith [scope] · Creation in Transformation [refrain] · Creation in Tune [] · Creation in Imagination [] · Activation in Potential [length,scope,refrain] · Activation in Nurturing [refrain] · Activation in Authority [refrain] · Activation in Compassion [] · Activation in Fortitude [refrain] · Activation in Source [] · Activation in Equity [vocab,scope] · Activation in Inspiration [] · Activation in Imagination [refrain] · Orientation in Potential [refrain] · Orientation in Will [refrain] · Orientation in Culture [refrain,vocab] · Orientation in Compassion [vocab,refrain] · Orientation in Discipline [refrain] · Orientation in Transformation [scope] · Orientation in Inspiration [refrain] · Orientation in Imagination [vocab,refrain] · Orientation in Recognition [refrain] · Assertion in Potential [refrain] · Assertion in Wisdom [vocab] · Assertion in Authority [] · Assertion in Culture [refrain] · Assertion in Drive [refrain] · Assertion in Fortitude [vocab] · Assertion in Inspiration [] · Assertion in Imagination [] · Assertion in Recognition [refrain] · Alignment in Authority [refrain] · Alignment in Tune [refrain] · Alignment in Creation [] · Dedication in Potential [refrain] · Dedication in Wisdom [] · Dedication in Culture [refrain] · Dedication in Compassion [refrain] · Dedication in Fortitude [refrain] · Dedication in Discipline [] · Dedication in Source [length] · Dedication in Faith [refrain] · Dedication in Abstraction [vocab,refrain] · Dedication in Imagination [] · Honor in Nurturing [vocab] · Honor in Authority [] · Honor in Culture [length] · Honor in Fortitude [glass,refrain] · Honor in Tune [refrain] · Honor in Recognition [vocab] · Honor in Creation [] · Resolve in Potential [scope,vocab] · Resolve in Equity [refrain] · Resolve in Breakthrough [refrain,scope] · Resolve in Inspiration [refrain] · Resolve in Creation [scope] · Command in Potential [] · Command in Culture [refrain] · Command in Fortitude [scope] · Command in Discipline [vocab] · Command in Faith [refrain,scope] · Command in Tune [refrain] · Command in Inspiration [refrain] · Command in Imagination [vocab] · Command in Actualization [refrain] · Resilience in Will [refrain] · Resilience in Compassion [refrain,scope] · Resilience in Fortitude [] · Resilience in Discipline [] · Resilience in Equity [refrain] · Resilience in Tune [glass,scope] · Resilience in Inspiration [refrain] · Resilience in Actualization [scope] · Resilience in Creation [refrain] · Realization in Will [] · Realization in Wisdom [] · Realization in Authority [] · Realization in Drive [scope] · Realization in Inspiration [refrain] · Realization in Actualization [] · Perception in Potential [refrain] · Perception in Nurturing [] · Perception in Compassion [refrain] · Perception in Tune [imperative] · Perception in Abstraction [] · Perception in Breakthrough [] · Perception in Inspiration [] · Perception in Imagination [names] · Perception in Creation [refrain] · Reflection in Nurturing [length,vocab] · Reflection in Culture [scope,vocab] · Reflection in Drive [refrain] · Reflection in Discipline [] · Reflection in Tune [refrain] · Reflection in Inspiration [refrain] · Reflection in Imagination [refrain] · Reflection in Actualization [refrain,scope] · Reflection in Recognition [refrain] · Calculation in Potential [refrain] · Calculation in Will [scope,refrain] · Calculation in Culture [] · Calculation in Equity [] · Calculation in Imagination [] · Calculation in Recognition [scope] · Calculation in Creation [scope] · Repose in Nurturing [] · Repose in Culture [refrain] · Repose in Transformation [refrain] · Repose in Tune [] · Repose in Abstraction [] · Repose in Inspiration [refrain] · Honing in Potential [length] · Honing in Wisdom [refrain] · Honing in Faith [refrain] · Honing in Recognition [refrain] · Honing in Creation [refrain,vocab] · Guidance in Nurturing [refrain] · Guidance in Authority [] · Guidance in Culture [] · Guidance in Drive [] · Guidance in Discipline [] · Guidance in Transformation [] · Guidance in Tune [refrain] · Guidance in Breakthrough [refrain] · Guidance in Inspiration [] · Guidance in Imagination [scope,refrain] · Guidance in Actualization [] · Reconciliation in Wisdom [] · Reconciliation in Drive [] · Reconciliation in Abstraction [] · Reconciliation in Inspiration [refrain] · Reconciliation in Recognition [] · Immersion in Will [vocab] · Immersion in Culture [refrain] · Immersion in Discipline [refrain] · Immersion in Faith [refrain] · Immersion in Transformation [refrain] · Immersion in Abstraction [] · Immersion in Imagination [refrain] · Immersion in Creation [refrain] · Discernment in Potential [vocab,refrain] · Discernment in Will [vocab] · Discernment in Wisdom [] · Discernment in Nurturing [refrain] · Discernment in Culture [] · Discernment in Compassion [scope] · Discernment in Source [refrain] · Discernment in Equity [refrain] · Discernment in Faith [] · Discernment in Tune [refrain] · Discernment in Abstraction [refrain] · Discernment in Imagination [refrain,person] · Clarity in Will [refrain] · Clarity in Authority [glass] · Clarity in Faith [scope] · Clarity in Transformation [refrain] · Clarity in Inspiration [refrain] · Clarity in Imagination [refrain] · Clarity in Actualization [] · Clarity in Creation [] · Receptivity in Wisdom [refrain] · Receptivity in Culture [refrain] · Receptivity in Compassion [scope,refrain] · Receptivity in Source [refrain,vocab] · Receptivity in Equity [] · Receptivity in Tune [refrain] · Receptivity in Abstraction [] · Receptivity in Breakthrough [] · Receptivity in Imagination [] · Receptivity in Recognition [vocab,refrain] · Receptivity in Creation [scope] · Merge in Nurturing [vocab] · Merge in Drive [refrain] · Merge in Breakthrough [refrain] · Celebration in Potential [refrain] · Celebration in Will [] · Celebration in Nurturing [refrain] · Celebration in Culture [] · Celebration in Compassion [refrain,vocab] · Celebration in Drive [scope] · Celebration in Equity [refrain] · Celebration in Transformation [refrain] · Celebration in Tune [] · Celebration in Recognition [] · Reverie in Will [] · Reverie in Authority [refrain] · Reverie in Drive [vocab] · Reverie in Fortitude [] · Reverie in Discipline [] · Reverie in Tune [refrain] · Reverie in Abstraction [] · Reverie in Recognition [refrain] · Reverie in Creation [refrain] · Conscience in Compassion [scope,refrain] · Conscience in Discipline [] · Conscience in Source [refrain,vocab] · Conscience in Equity [refrain] · Conscience in Faith [vocab] · Conscience in Inspiration [] · Conscience in Recognition [refrain] · Reciprocity in Potential [vocab,refrain] · Reciprocity in Will [vocab] · Reciprocity in Wisdom [] · Reciprocity in Authority [refrain] · Reciprocity in Culture [vocab,refrain] · Reciprocity in Fortitude [refrain] · Reciprocity in Tune [refrain] · Reciprocity in Imagination [refrain] · Reciprocity in Recognition [glass,refrain] · Reciprocity in Creation [refrain] · Allure in Potential [] · Allure in Wisdom [refrain] · Allure in Drive [] · Allure in Fortitude [] · Allure in Equity [] · Allure in Faith [refrain] · Allure in Abstraction [vocab,refrain,hunch] · Allure in Breakthrough [vocab,missing,refrain] · Allure in Imagination [scope,refrain] · Allure in Actualization [vocab,glass] · Passage in Authority [refrain] · Passage in Compassion [scope,refrain] · Passage in Drive [refrain] · Passage in Faith [refrain,hunch] · Passage in Inspiration [refrain,vocab] · Passage in Recognition [] · Fulfillment in Compassion [scope] · Fulfillment in Fortitude [vocab] · Fulfillment in Discipline [refrain] · Fulfillment in Equity [] · Fulfillment in Abstraction [refrain,vocab] · Fulfillment in Breakthrough [refrain,vocab] · Completion in Potential [refrain] · Completion in Will [refrain] · Completion in Transformation [refrain] · Completion in Tune [refrain] · Completion in Breakthrough [refrain] · Completion in Imagination [refrain] · Completion in Recognition [names,vocab] · Definition in Authority [refrain] · Definition in Compassion [refrain] · Definition in Drive [vocab] · Definition in Transformation [] · Definition in Tune [] · Definition in Abstraction [refrain] · Definition in Imagination [scope] · Stewardship in Potential [refrain] · Stewardship in Will [refrain] · Stewardship in Wisdom [refrain,vocab] · Stewardship in Nurturing [refrain] · Stewardship in Authority [refrain] · Stewardship in Compassion [refrain] · Stewardship in Fortitude [refrain] · Stewardship in Abstraction [weave] · Stewardship in Recognition [refrain] · Stewardship in Creation [refrain,vocab] · Formation in Will [refrain] · Formation in Nurturing [refrain] · Formation in Authority [scope,refrain] · Formation in Fortitude [vocab] · Formation in Discipline [refrain] · Formation in Source [refrain,scope,vocab,glass] · Formation in Transformation [person] · Formation in Abstraction [scope,vocab] · Formation in Actualization [refrain] · Preservation in Wisdom [refrain] · Preservation in Culture [vocab] · Preservation in Compassion [] · Preservation in Drive [refrain,glass] · Preservation in Fortitude [refrain] · Preservation in Faith [vocab] · Preservation in Tune [refrain] · Preservation in Inspiration [] · Preservation in Actualization [refrain] · Preservation in Recognition [vocab,refrain] · Steadfastness in Potential [] · Steadfastness in Nurturing [vocab] · Steadfastness in Compassion [refrain] · Steadfastness in Drive [scope] · Steadfastness in Discipline [] · Steadfastness in Equity [] · Steadfastness in Recognition [] · Support in Potential [refrain] · Support in Authority [] · Support in Culture [] · Support in Drive [imperative] · Support in Source [refrain] · Support in Faith [refrain] · Support in Tune [refrain] · Support in Breakthrough [] · Support in Creation [length] · Harvest in Potential [refrain] · Harvest in Wisdom [refrain] · Harvest in Culture [refrain] · Harvest in Compassion [] · Harvest in Abstraction [scope] · Harvest in Breakthrough [refrain] · Harvest in Inspiration [hunch,ask,refrain] · Harvest in Imagination [] · Commitment in Will [refrain] · Commitment in Authority [vocab,refrain] · Commitment in Culture [] · Commitment in Source [] · Commitment in Equity [] · Commitment in Transformation [length,refrain] · Commitment in Tune [refrain,scope] · Commitment in Recognition [refrain] · Flourishing in Potential [person] · Flourishing in Nurturing [refrain] · Flourishing in Compassion [refrain] · Flourishing in Drive [] · Flourishing in Discipline [vocab,refrain] · Flourishing in Imagination [vocab] · Flourishing in Recognition [] · Flourishing in Creation [] · Achievement in Culture [] · Achievement in Compassion [vocab,refrain] · Achievement in Abstraction [refrain] · Achievement in Imagination [refrain] · Initiate of Intent in Wisdom [vocab,refrain] · Initiate of Intent in Transformation [] · Initiate of Intent in Tune [] · Initiate of Intent in Creation [vocab] · Catalyst of Intent in Potential [scope,refrain] · Catalyst of Intent in Will [] · Catalyst of Intent in Culture [refrain] · Catalyst of Intent in Drive [vocab] · Catalyst of Intent in Discipline [] · Catalyst of Intent in Source [refrain] · Catalyst of Intent in Faith [refrain] · Catalyst of Intent in Breakthrough [refrain] · Catalyst of Intent in Creation [refrain] · Steward of Intent in Will [vocab] · Steward of Intent in Wisdom [refrain] · Steward of Intent in Culture [scope] · Steward of Intent in Transformation [imperative] · Steward of Intent in Tune [refrain] · Steward of Intent in Abstraction [] · Steward of Intent in Inspiration [] · Executor of Intent in Potential [scope] · Executor of Intent in Wisdom [refrain] · Executor of Intent in Culture [] · Executor of Intent in Source [refrain] · Executor of Intent in Equity [vocab] · Executor of Intent in Faith [] · Executor of Intent in Transformation [scope] · Executor of Intent in Imagination [] · Initiate of Cognition in Wisdom [refrain] · Initiate of Cognition in Compassion [imperative] · Initiate of Cognition in Fortitude [scope] · Initiate of Cognition in Equity [refrain] · Catalyst of Cognition in Nurturing [refrain] · Catalyst of Cognition in Authority [refrain] · Catalyst of Cognition in Culture [refrain] · Catalyst of Cognition in Compassion [] · Catalyst of Cognition in Drive [refrain] · Catalyst of Cognition in Fortitude [names] · Catalyst of Cognition in Discipline [refrain] · Catalyst of Cognition in Faith [refrain] · Catalyst of Cognition in Tune [imperative] · Catalyst of Cognition in Inspiration [vocab,refrain] · Catalyst of Cognition in Imagination [] · Steward of Cognition in Will [refrain] · Steward of Cognition in Discipline [scope] · Steward of Cognition in Faith [] · Steward of Cognition in Transformation [scope] · Steward of Cognition in Abstraction [refrain] · Steward of Cognition in Breakthrough [] · Steward of Cognition in Imagination [refrain] · Executor of Cognition in Wisdom [refrain] · Executor of Cognition in Authority [imperative] · Executor of Cognition in Culture [] · Executor of Cognition in Equity [length] · Executor of Cognition in Imagination [refrain] · Executor of Cognition in Actualization [refrain] · Executor of Cognition in Creation [scope] · Initiate of Resonance in Nurturing [refrain] · Initiate of Resonance in Drive [refrain] · Initiate of Resonance in Source [] · Initiate of Resonance in Tune [refrain] · Initiate of Resonance in Breakthrough [] · Catalyst of Resonance in Potential [refrain,label] · Catalyst of Resonance in Authority [refrain] · Catalyst of Resonance in Faith [vocab] · Catalyst of Resonance in Tune [refrain] · Catalyst of Resonance in Abstraction [refrain,vocab] · Catalyst of Resonance in Inspiration [vocab] · Catalyst of Resonance in Actualization [refrain] · Catalyst of Resonance in Recognition [] · Steward of Resonance in Nurturing [scope,refrain] · Steward of Resonance in Culture [] · Steward of Resonance in Drive [vocab,refrain] · Steward of Resonance in Fortitude [] · Steward of Resonance in Discipline [vocab,refrain] · Steward of Resonance in Equity [] · Steward of Resonance in Transformation [] · Steward of Resonance in Actualization [] · Steward of Resonance in Creation [refrain] · Executor of Resonance in Potential [refrain,imperative] · Executor of Resonance in Will [refrain] · Executor of Resonance in Authority [scope,refrain] · Executor of Resonance in Fortitude [refrain] · Executor of Resonance in Discipline [refrain] · Executor of Resonance in Source [] · Executor of Resonance in Equity [] · Executor of Resonance in Faith [refrain] · Executor of Resonance in Tune [refrain] · Executor of Resonance in Abstraction [refrain,length] · Executor of Resonance in Breakthrough [refrain] · Executor of Resonance in Inspiration [refrain] · Executor of Resonance in Actualization [vocab,refrain] · Executor of Resonance in Recognition [refrain] · Initiate of Structure in Wisdom [scope,refrain] · Initiate of Structure in Culture [length] · Initiate of Structure in Compassion [refrain] · Initiate of Structure in Fortitude [refrain] · Initiate of Structure in Imagination [vocab,refrain] · Initiate of Structure in Creation [refrain] · Catalyst of Structure in Authority [] · Catalyst of Structure in Discipline [] · Catalyst of Structure in Source [refrain,vocab] · Catalyst of Structure in Inspiration [refrain] · Catalyst of Structure in Actualization [] · Steward of Structure in Potential [scope] · Steward of Structure in Will [scope] · Steward of Structure in Wisdom [refrain] · Steward of Structure in Nurturing [refrain] · Steward of Structure in Authority [] · Steward of Structure in Compassion [refrain] · Steward of Structure in Equity [scope,refrain] · Steward of Structure in Faith [] · Steward of Structure in Inspiration [scope,vocab] · Steward of Structure in Actualization [refrain] · Steward of Structure in Recognition [scope] · Executor of Structure in Will [refrain] · Executor of Structure in Nurturing [refrain] · Executor of Structure in Culture [refrain] · Executor of Structure in Drive [length] · Executor of Structure in Discipline [refrain] · Executor of Structure in Tune [] · Executor of Structure in Inspiration [refrain]
