about to author 1716 calls on or-v4.1-flash at $0.15/$0.6 per M (OpenRouter's list (deepseek/deepseek-v4.1-flash)) — worst case ≈ $28.19 (5 attempts per call), likely ≈ $9.02
authoring 1716 calls on or-v4.1-flash (OpenRouter, the bench lane), 8 at a time, up to 5 attempts each…
    1 Potential in Authority — 4 attempt(s), clean, 7752+4861 tok
    2 Potential in Culture — 4 attempt(s), clean, 7968+5134 tok
    3 Potential in Nurturing — 5 attempt(s), 1 hard flag(s) open, 6117+5930 tok
    4 Potential in Potential — 5 attempt(s), 1 hard flag(s) open, 10265+6033 tok
    5 Potential in Wisdom — 5 attempt(s), 3 hard flag(s) open, 11009+5927 tok
    6 Potential in Will — 5 attempt(s), 2 hard flag(s) open, 9115+5956 tok
    7 Potential in Drive — 5 attempt(s), 2 hard flag(s) open, 9715+6760 tok
    8 Potential in Compassion — 5 attempt(s), 1 hard flag(s) open, 9424+6199 tok
    9 Potential in Tune — 3 attempt(s), clean, 6127+3464 tok
   10 Potential in Transformation — 4 attempt(s), clean, 7472+4343 tok
   11 Potential in Discipline — 5 attempt(s), clean, 8692+5821 tok
   12 Potential in Fortitude — 5 attempt(s), 4 hard flag(s) open, 9871+6421 tok
   13 Potential in Source — 5 attempt(s), 1 hard flag(s) open, 9397+6137 tok
   14 Potential in Faith — 5 attempt(s), 1 hard flag(s) open, 9944+6358 tok
   15 Potential in Equity — 5 attempt(s), 7 hard flag(s) open, 9371+6337 tok
   16 Potential in Abstraction — 5 attempt(s), 2 hard flag(s) open, 9374+5981 tok
   17 Potential in Breakthrough — 4 attempt(s), clean, 7532+4383 tok
   18 Potential in Actualization — 3 attempt(s), clean, 6076+3332 tok
   19 Potential in Imagination — 5 attempt(s), clean, 9235+6036 tok
   20 Potential in Inspiration — 5 attempt(s), 3 hard flag(s) open, 9320+5705 tok
   21 Potential in Creation — 4 attempt(s), clean, 7765+4819 tok
   22 Will in Potential — 4 attempt(s), clean, 7703+5052 tok
   23 Potential in Recognition — 5 attempt(s), clean, 9518+6305 tok
   24 Will in Will — 5 attempt(s), 2 hard flag(s) open, 9662+6369 tok
   25 Will in Authority — 3 attempt(s), clean, 6357+3643 tok
   26 Will in Nurturing — 5 attempt(s), 1 hard flag(s) open, 9177+5970 tok
   27 Will in Wisdom — 5 attempt(s), 1 hard flag(s) open, 8888+5788 tok
   28 Will in Culture — 5 attempt(s), 1 hard flag(s) open, 9361+6330 tok
   29 Will in Drive — 5 attempt(s), 1 hard flag(s) open, 9134+6083 tok
   30 Will in Compassion — 5 attempt(s), 1 hard flag(s) open, 9894+7015 tok
   31 Will in Source — 4 attempt(s), clean, 7648+4565 tok
   32 Will in Fortitude — 5 attempt(s), 1 hard flag(s) open, 9768+6404 tok
   33 Will in Discipline — 5 attempt(s), 2 hard flag(s) open, 10217+7113 tok
   34 Will in Equity — 5 attempt(s), 1 hard flag(s) open, 9351+6413 tok
   35 Will in Faith — 5 attempt(s), clean, 9358+6230 tok
   36 Will in Transformation — 4 attempt(s), clean, 7842+4894 tok
   37 Will in Tune — 4 attempt(s), clean, 7624+4728 tok
   38 Will in Abstraction — 4 attempt(s), clean, 7561+4788 tok
   39 Will in Breakthrough — 4 attempt(s), clean, 7966+4979 tok
   40 Will in Inspiration — 5 attempt(s), 2 hard flag(s) open, 9238+5915 tok
   41 Will in Actualization — 5 attempt(s), clean, 9204+6162 tok
   42 Will in Imagination — 5 attempt(s), 1 hard flag(s) open, 6757+6315 tok
   43 Will in Recognition — 5 attempt(s), 1 hard flag(s) open, 8794+5932 tok
   44 Will in Creation — 4 attempt(s), clean, 7846+4792 tok
   45 Wisdom in Potential — 4 attempt(s), clean, 17140+4658 tok
   46 Wisdom in Will — 5 attempt(s), 2 hard flag(s) open, 9069+5684 tok
   47 Wisdom in Nurturing — 5 attempt(s), 2 hard flag(s) open, 8902+5372 tok
   48 Wisdom in Wisdom — 5 attempt(s), 2 hard flag(s) open, 6609+6661 tok
   49 Wisdom in Compassion — 4 attempt(s), clean, 7694+4859 tok
   50 Wisdom in Authority — 5 attempt(s), 2 hard flag(s) open, 9776+6441 tok
   51 Wisdom in Drive — 5 attempt(s), clean, 9423+5885 tok
   52 Wisdom in Culture — 5 attempt(s), 3 hard flag(s) open, 9374+6212 tok
   53 Wisdom in Fortitude — 5 attempt(s), 2 hard flag(s) open, 9166+5852 tok
   54 Wisdom in Discipline — 5 attempt(s), 3 hard flag(s) open, 9232+5834 tok
   55 Wisdom in Source — 4 attempt(s), clean, 7901+4710 tok
   56 Wisdom in Equity — 5 attempt(s), 2 hard flag(s) open, 9249+5987 tok
   57 Wisdom in Faith — 5 attempt(s), clean, 9047+5900 tok
   58 Wisdom in Transformation — 5 attempt(s), clean, 9517+6006 tok
   59 Wisdom in Tune — 5 attempt(s), 3 hard flag(s) open, 9355+5815 tok
   60 Wisdom in Breakthrough — 5 attempt(s), 2 hard flag(s) open, 9096+5756 tok
   61 Wisdom in Abstraction — 5 attempt(s), 1 hard flag(s) open, 9255+6110 tok
   62 Wisdom in Imagination — 5 attempt(s), 4 hard flag(s) open, 8677+5471 tok
   63 Wisdom in Inspiration — 5 attempt(s), 3 hard flag(s) open, 9133+5515 tok
   64 Wisdom in Actualization — 5 attempt(s), 1 hard flag(s) open, 9385+6175 tok
   65 Wisdom in Recognition — 5 attempt(s), 2 hard flag(s) open, 9248+5736 tok
   66 Wisdom in Creation — 5 attempt(s), 1 hard flag(s) open, 9717+6051 tok
   67 Nurturing in Potential — 5 attempt(s), 1 hard flag(s) open, 8928+5807 tok
   68 Nurturing in Wisdom — 5 attempt(s), 3 hard flag(s) open, 9460+6390 tok
   69 Nurturing in Nurturing — 4 attempt(s), clean, 7932+4998 tok
   70 Nurturing in Will — 5 attempt(s), 4 hard flag(s) open, 9964+6550 tok
   71 Nurturing in Authority — 5 attempt(s), 2 hard flag(s) open, 9239+6428 tok
   72 Nurturing in Compassion — 3 attempt(s), clean, 6332+3715 tok
   73 Nurturing in Culture — 4 attempt(s), clean, 8180+5217 tok
   74 Nurturing in Drive — 5 attempt(s), clean, 8624+5201 tok
   75 Nurturing in Discipline — 4 attempt(s), clean, 7521+4467 tok
   76 Nurturing in Fortitude — 5 attempt(s), 3 hard flag(s) open, 9085+6034 tok
   77 Nurturing in Source — 5 attempt(s), 1 hard flag(s) open, 6200+6038 tok
   78 Nurturing in Transformation — 5 attempt(s), 1 hard flag(s) open, 8696+5829 tok
   79 Nurturing in Faith — 5 attempt(s), clean, 9372+6504 tok
   80 Nurturing in Equity — 5 attempt(s), 2 hard flag(s) open, 9699+6352 tok
   81 Nurturing in Tune — 5 attempt(s), 4 hard flag(s) open, 9438+6146 tok
   82 Nurturing in Abstraction — 5 attempt(s), clean, 9160+5912 tok
   83 Nurturing in Breakthrough — 5 attempt(s), clean, 9821+6824 tok
   84 Nurturing in Inspiration — 5 attempt(s), 2 hard flag(s) open, 10272+6607 tok
   85 Nurturing in Imagination — 5 attempt(s), 1 hard flag(s) open, 9812+6505 tok
   86 Nurturing in Actualization — 5 attempt(s), 1 hard flag(s) open, 9172+5819 tok
   87 Nurturing in Recognition — 5 attempt(s), 1 hard flag(s) open, 9118+5488 tok
   88 Nurturing in Creation — 5 attempt(s), 2 hard flag(s) open, 8915+6017 tok
   89 Authority in Potential — 5 attempt(s), 1 hard flag(s) open, 10019+6796 tok
   90 Authority in Will — 4 attempt(s), clean, 8004+5123 tok
   91 Authority in Authority — 4 attempt(s), clean, 7425+4656 tok
   92 Authority in Wisdom — 5 attempt(s), 5 hard flag(s) open, 9526+6787 tok
   93 Authority in Culture — 5 attempt(s), 1 hard flag(s) open, 8947+5589 tok
   94 Authority in Compassion — 4 attempt(s), clean, 7997+5308 tok
   95 Authority in Nurturing — 5 attempt(s), 2 hard flag(s) open, 9934+6760 tok
   96 Authority in Drive — 5 attempt(s), 1 hard flag(s) open, 9371+6457 tok
   97 Authority in Fortitude — 5 attempt(s), 2 hard flag(s) open, 9138+5882 tok
   98 Authority in Discipline — 5 attempt(s), 1 hard flag(s) open, 9247+6094 tok
   99 Authority in Source — 5 attempt(s), 3 hard flag(s) open, 8923+5620 tok
  100 Authority in Equity — 4 attempt(s), clean, 7598+4586 tok
  101 Authority in Faith — 4 attempt(s), clean, 7894+5220 tok
  102 Authority in Tune — 4 attempt(s), clean, 7631+5174 tok
  103 Authority in Transformation — 5 attempt(s), 3 hard flag(s) open, 9259+5848 tok
  104 Authority in Abstraction — 5 attempt(s), clean, 9146+6199 tok
  105 Authority in Imagination — 5 attempt(s), clean, 9113+6101 tok
  106 Authority in Recognition — 5 attempt(s), 1 hard flag(s) open, 8958+5805 tok
  107 Authority in Inspiration — 5 attempt(s), 2 hard flag(s) open, 9246+6253 tok
  108 Authority in Actualization — 5 attempt(s), clean, 9452+6241 tok
  109 Authority in Breakthrough — 5 attempt(s), 1 hard flag(s) open, 9530+6714 tok
  110 Authority in Creation — 5 attempt(s), 2 hard flag(s) open, 9731+6527 tok
  111 Culture in Potential — 5 attempt(s), 1 hard flag(s) open, 9009+5899 tok
  112 Culture in Will — 5 attempt(s), 1 hard flag(s) open, 9075+6056 tok
  113 Culture in Authority — 3 attempt(s), clean, 5992+3625 tok
  114 Culture in Nurturing — 4 attempt(s), clean, 7526+4867 tok
  115 Culture in Compassion — 4 attempt(s), clean, 7543+4664 tok
  116 Culture in Wisdom — 5 attempt(s), 2 hard flag(s) open, 9024+5869 tok
  117 Culture in Culture — 5 attempt(s), clean, 8998+6234 tok
  118 Culture in Fortitude — 4 attempt(s), clean, 7622+4898 tok
  119 Culture in Discipline — 3 attempt(s), clean, 6394+3961 tok
  120 Culture in Drive — 5 attempt(s), clean, 9371+6659 tok
  121 Culture in Equity — 3 attempt(s), clean, 6044+3614 tok
  122 Culture in Source — 5 attempt(s), 1 hard flag(s) open, 9605+6739 tok
  123 Culture in Faith — 5 attempt(s), clean, 8995+6202 tok
  124 Culture in Breakthrough — 3 attempt(s), clean, 6327+3775 tok
  125 Culture in Transformation — 5 attempt(s), 2 hard flag(s) open, 8564+5772 tok
  126 Culture in Tune — 5 attempt(s), 2 hard flag(s) open, 9401+6369 tok
  127 Culture in Imagination — 4 attempt(s), clean, 7806+5006 tok
  128 Culture in Abstraction — 5 attempt(s), clean, 9612+6661 tok
  129 Culture in Inspiration — 5 attempt(s), clean, 9572+6535 tok
  130 Culture in Recognition — 5 attempt(s), clean, 9191+5995 tok
  131 Culture in Actualization — 5 attempt(s), 1 hard flag(s) open, 9619+6678 tok
  132 Culture in Creation — 5 attempt(s), 2 hard flag(s) open, 8986+6002 tok
  133 Compassion in Potential — 4 attempt(s), clean, 7565+4893 tok
  134 Compassion in Will — 5 attempt(s), 1 hard flag(s) open, 8754+5924 tok
  135 Compassion in Wisdom — 5 attempt(s), 2 hard flag(s) open, 8789+5825 tok
  136 Compassion in Nurturing — 5 attempt(s), 1 hard flag(s) open, 5276+5851 tok
  137 Compassion in Authority — 5 attempt(s), clean, 8766+5842 tok
  138 Compassion in Drive — 3 attempt(s), clean, 6042+3618 tok
  139 Compassion in Culture — 4 attempt(s), clean, 7876+5229 tok
  140 Compassion in Discipline — 3 attempt(s), clean, 6384+3884 tok
  141 Compassion in Compassion — 5 attempt(s), clean, 9230+6456 tok
  142 Compassion in Fortitude — 5 attempt(s), 1 hard flag(s) open, 9502+6743 tok
  143 Compassion in Transformation — 3 attempt(s), clean, 5952+3481 tok
  144 Compassion in Source — 4 attempt(s), clean, 7499+4705 tok
  145 Compassion in Equity — 5 attempt(s), clean, 9257+6594 tok
  146 Compassion in Faith — 5 attempt(s), 1 hard flag(s) open, 8866+6116 tok
  147 Compassion in Tune — 4 attempt(s), clean, 7710+5221 tok
  148 Compassion in Breakthrough — 5 attempt(s), clean, 8522+5791 tok
  149 Compassion in Inspiration — 4 attempt(s), clean, 8261+5390 tok
  150 Compassion in Actualization — 4 attempt(s), clean, 7509+4977 tok
  151 Compassion in Imagination — 4 attempt(s), clean, 7806+5036 tok
  152 Compassion in Abstraction — 5 attempt(s), 2 hard flag(s) open, 6595+6657 tok
  153 Compassion in Recognition — 5 attempt(s), 2 hard flag(s) open, 9383+6378 tok
  154 Drive in Potential — 5 attempt(s), clean, 9033+6064 tok
  155 Compassion in Creation — 5 attempt(s), clean, 9469+6441 tok
  156 Drive in Will — 5 attempt(s), 1 hard flag(s) open, 9588+6524 tok
  157 Drive in Nurturing — 5 attempt(s), 1 hard flag(s) open, 8703+5829 tok
  158 Drive in Authority — 5 attempt(s), 1 hard flag(s) open, 8890+5881 tok
  159 Drive in Wisdom — 5 attempt(s), 4 hard flag(s) open, 9948+7153 tok
  160 Drive in Culture — 5 attempt(s), clean, 9572+6639 tok
  161 Drive in Drive — 3 attempt(s), clean, 6480+3594 tok
  162 Drive in Compassion — 5 attempt(s), 1 hard flag(s) open, 8905+6000 tok
  163 Drive in Fortitude — 5 attempt(s), clean, 9019+5955 tok
  164 Drive in Source — 5 attempt(s), clean, 8922+5968 tok
  165 Drive in Discipline — 5 attempt(s), clean, 9265+6698 tok
  166 Drive in Equity — 5 attempt(s), clean, 8489+5876 tok
  167 Drive in Faith — 5 attempt(s), 1 hard flag(s) open, 8554+5599 tok
  168 Drive in Transformation — 5 attempt(s), 1 hard flag(s) open, 9362+6506 tok
  169 Drive in Tune — 5 attempt(s), clean, 8980+6170 tok
  170 Drive in Abstraction — 5 attempt(s), 1 hard flag(s) open, 9147+5894 tok
  171 Drive in Breakthrough — 5 attempt(s), 2 hard flag(s) open, 8846+5833 tok
  172 Drive in Inspiration — 5 attempt(s), 1 hard flag(s) open, 8572+5619 tok
  173 Drive in Imagination — 5 attempt(s), 1 hard flag(s) open, 8173+5240 tok
  174 Drive in Actualization — 5 attempt(s), clean, 8659+5846 tok
  175 Drive in Creation — 5 attempt(s), 1 hard flag(s) open, 8884+6194 tok
  176 Drive in Recognition — 5 attempt(s), clean, 9830+6443 tok
  177 Fortitude in Will — 5 attempt(s), 4 hard flag(s) open, 8543+5488 tok
  178 Fortitude in Potential — 5 attempt(s), clean, 9393+6119 tok
  179 Fortitude in Authority — 4 attempt(s), clean, 7486+4701 tok
  180 Fortitude in Wisdom — 5 attempt(s), 1 hard flag(s) open, 9194+6379 tok
  181 Fortitude in Nurturing — 5 attempt(s), clean, 10263+7262 tok
  182 Fortitude in Culture — 5 attempt(s), 2 hard flag(s) open, 9589+6251 tok
  183 Fortitude in Compassion — 5 attempt(s), 1 hard flag(s) open, 9087+5968 tok
  184 Fortitude in Discipline — 4 attempt(s), clean, 7561+4950 tok
  185 Fortitude in Drive — 5 attempt(s), 6 hard flag(s) open, 9969+6158 tok
  186 Fortitude in Fortitude — 5 attempt(s), clean, 9319+6543 tok
  187 Fortitude in Source — 4 attempt(s), clean, 7503+4910 tok
  188 Fortitude in Equity — 5 attempt(s), 2 hard flag(s) open, 9511+6456 tok
  189 Fortitude in Faith — 4 attempt(s), clean, 7841+5007 tok
  190 Fortitude in Transformation — 5 attempt(s), clean, 8874+5733 tok
  191 Fortitude in Abstraction — 4 attempt(s), clean, 7860+5250 tok
  192 Fortitude in Tune — 5 attempt(s), 2 hard flag(s) open, 9257+6288 tok
  193 Fortitude in Breakthrough — 5 attempt(s), 1 hard flag(s) open, 8862+5849 tok
  194 Fortitude in Imagination — 5 attempt(s), 1 hard flag(s) open, 8888+6096 tok
  195 Fortitude in Inspiration — 5 attempt(s), clean, 9323+6286 tok
  196 Fortitude in Actualization — 5 attempt(s), clean, 9061+6437 tok
  197 Fortitude in Creation — 5 attempt(s), 1 hard flag(s) open, 8832+5587 tok
  198 Fortitude in Recognition — 5 attempt(s), 1 hard flag(s) open, 9564+6724 tok
  199 Discipline in Wisdom — 4 attempt(s), clean, 7252+4701 tok
  200 Discipline in Potential — 5 attempt(s), clean, 8800+5901 tok
  201 Discipline in Will — 5 attempt(s), 1 hard flag(s) open, 8549+5505 tok
  202 Discipline in Nurturing — 4 attempt(s), clean, 7646+4977 tok
  203 Discipline in Authority — 5 attempt(s), 1 hard flag(s) open, 9693+6234 tok
  204 Discipline in Culture — 5 attempt(s), clean, 8977+5800 tok
  205 Discipline in Drive — 5 attempt(s), 2 hard flag(s) open, 9482+6200 tok
  206 Discipline in Source — 4 attempt(s), clean, 7999+5535 tok
  207 Discipline in Discipline — 5 attempt(s), 1 hard flag(s) open, 9572+6521 tok
  208 Discipline in Fortitude — 5 attempt(s), 2 hard flag(s) open, 9353+6219 tok
  209 Discipline in Compassion — 5 attempt(s), 4 hard flag(s) open, 11396+7623 tok
  210 Discipline in Faith — 4 attempt(s), clean, 7592+4792 tok
  211 Discipline in Equity — 5 attempt(s), 1 hard flag(s) open, 9862+6962 tok
  212 Discipline in Transformation — 5 attempt(s), 1 hard flag(s) open, 9554+6437 tok
  213 Discipline in Breakthrough — 4 attempt(s), clean, 7965+5012 tok
  214 Discipline in Inspiration — 5 attempt(s), 1 hard flag(s) open, 9194+6025 tok
  215 Discipline in Abstraction — 5 attempt(s), 5 hard flag(s) open, 9681+6417 tok
  216 Discipline in Imagination — 5 attempt(s), 1 hard flag(s) open, 8780+5796 tok
  217 Discipline in Tune — 5 attempt(s), 2 hard flag(s) open, 9893+6944 tok
  218 Discipline in Actualization — 5 attempt(s), 1 hard flag(s) open, 9495+6739 tok
  219 Discipline in Recognition — 5 attempt(s), clean, 9827+6539 tok
  220 Source in Potential — 3 attempt(s), clean, 6525+3701 tok
  221 Discipline in Creation — 5 attempt(s), 1 hard flag(s) open, 9619+6737 tok
  222 Source in Authority — 4 attempt(s), clean, 7620+4436 tok
  223 Source in Wisdom — 5 attempt(s), 1 hard flag(s) open, 9553+6527 tok
  224 Source in Will — 5 attempt(s), 3 hard flag(s) open, 9699+6257 tok
  225 Source in Nurturing — 5 attempt(s), clean, 9135+6140 tok
  226 Source in Culture — 5 attempt(s), 3 hard flag(s) open, 9251+6186 tok
  227 Source in Compassion — 5 attempt(s), clean, 9130+6313 tok
  228 Source in Drive — 5 attempt(s), 2 hard flag(s) open, 8450+5439 tok
  229 Source in Discipline — 5 attempt(s), 2 hard flag(s) open, 8411+5491 tok
  230 Source in Fortitude — 5 attempt(s), 3 hard flag(s) open, 9807+6048 tok
  231 Source in Source — 4 attempt(s), clean, 7531+4668 tok
  232 Source in Faith — 4 attempt(s), clean, 7731+5068 tok
  233 Source in Tune — 3 attempt(s), clean, 6175+3391 tok
  234 Source in Equity — 5 attempt(s), 1 hard flag(s) open, 9431+6306 tok
  235 Source in Transformation — 5 attempt(s), 2 hard flag(s) open, 8489+5442 tok
  236 Source in Breakthrough — 2 attempt(s), clean, 4905+2589 tok
  237 Source in Abstraction — 5 attempt(s), 1 hard flag(s) open, 8699+5473 tok
  238 Source in Actualization — 4 attempt(s), clean, 7865+4798 tok
  239 Source in Inspiration — 5 attempt(s), 1 hard flag(s) open, 9163+5991 tok
  240 Source in Imagination — 5 attempt(s), 1 hard flag(s) open, 9243+6173 tok
  241 Source in Recognition — 5 attempt(s), 1 hard flag(s) open, 9617+6566 tok
  242 Source in Creation — 5 attempt(s), 4 hard flag(s) open, 6627+6032 tok
  243 Equity in Will — 4 attempt(s), clean, 7844+4917 tok
  244 Equity in Potential — 5 attempt(s), 2 hard flag(s) open, 9221+6473 tok
  245 Equity in Wisdom — 4 attempt(s), clean, 7997+4823 tok
  246 Equity in Nurturing — 5 attempt(s), clean, 9175+6033 tok
  247 Equity in Culture — 5 attempt(s), 2 hard flag(s) open, 8822+5762 tok
  248 Equity in Authority — 5 attempt(s), 1 hard flag(s) open, 9155+6421 tok
  249 Equity in Drive — 5 attempt(s), 3 hard flag(s) open, 9551+6254 tok
  250 Equity in Compassion — 5 attempt(s), 2 hard flag(s) open, 9695+6465 tok
  251 Equity in Discipline — 5 attempt(s), clean, 9181+6346 tok
  252 Equity in Fortitude — 5 attempt(s), 1 hard flag(s) open, 9643+6386 tok
  253 Equity in Source — 5 attempt(s), clean, 9895+6632 tok
  254 Equity in Equity — 5 attempt(s), 2 hard flag(s) open, 9318+6249 tok
  255 Equity in Faith — 5 attempt(s), 1 hard flag(s) open, 9516+6505 tok
  256 Equity in Transformation — 5 attempt(s), clean, 9161+6264 tok
  257 Equity in Tune — 4 attempt(s), clean, 8230+5309 tok
  258 Equity in Imagination — 4 attempt(s), clean, 7391+4569 tok
  259 Equity in Breakthrough — 5 attempt(s), 1 hard flag(s) open, 9217+6020 tok
  260 Equity in Abstraction — 5 attempt(s), 2 hard flag(s) open, 9371+6471 tok
  261 Equity in Inspiration — 5 attempt(s), 2 hard flag(s) open, 9512+6466 tok
  262 Equity in Actualization — 4 attempt(s), clean, 7829+4802 tok
  263 Faith in Potential — 4 attempt(s), clean, 7808+5110 tok
  264 Equity in Recognition — 5 attempt(s), 3 hard flag(s) open, 9767+6828 tok
  265 Equity in Creation — 5 attempt(s), clean, 9500+6313 tok
  266 Faith in Wisdom — 4 attempt(s), clean, 8292+5186 tok
  267 Faith in Will — 5 attempt(s), 1 hard flag(s) open, 9224+6395 tok
  268 Faith in Nurturing — 5 attempt(s), 1 hard flag(s) open, 9209+5850 tok
  269 Faith in Authority — 5 attempt(s), 3 hard flag(s) open, 8940+5920 tok
  270 Faith in Compassion — 4 attempt(s), clean, 7936+5135 tok
  271 Faith in Culture — 5 attempt(s), clean, 9092+6373 tok
  272 Faith in Drive — 5 attempt(s), clean, 9088+6005 tok
  273 Faith in Fortitude — 5 attempt(s), 1 hard flag(s) open, 9567+6413 tok
  274 Faith in Discipline — 5 attempt(s), 3 hard flag(s) open, 9125+5776 tok
  275 Faith in Source — 5 attempt(s), clean, 9125+6260 tok
  276 Faith in Equity — 5 attempt(s), 1 hard flag(s) open, 8987+6201 tok
  277 Faith in Faith — 5 attempt(s), 1 hard flag(s) open, 9518+6475 tok
  278 Faith in Abstraction — 4 attempt(s), clean, 7553+4773 tok
  279 Faith in Transformation — 5 attempt(s), clean, 6693+6609 tok
  280 Faith in Tune — 5 attempt(s), clean, 9095+6163 tok
  281 Faith in Breakthrough — 5 attempt(s), 2 hard flag(s) open, 9296+6169 tok
  282 Faith in Inspiration — 5 attempt(s), 2 hard flag(s) open, 9554+6435 tok
  283 Faith in Imagination — 5 attempt(s), 1 hard flag(s) open, 9034+6061 tok
  284 Faith in Actualization — 5 attempt(s), clean, 9528+6702 tok
  285 Faith in Recognition — 5 attempt(s), 2 hard flag(s) open, 8980+6121 tok
  286 Faith in Creation — 5 attempt(s), 2 hard flag(s) open, 9002+5864 tok
  287 Transformation in Authority — 3 attempt(s), clean, 6253+3658 tok
  288 Transformation in Nurturing — 4 attempt(s), clean, 7155+4347 tok
  289 Transformation in Potential — 5 attempt(s), clean, 9134+6534 tok
  290 Transformation in Will — 5 attempt(s), clean, 8809+5776 tok
  291 Transformation in Wisdom — 5 attempt(s), clean, 9223+6308 tok
  292 Transformation in Culture — 5 attempt(s), 5 hard flag(s) open, 9097+5917 tok
  293 Transformation in Compassion — 5 attempt(s), 2 hard flag(s) open, 8963+5905 tok
  294 Transformation in Fortitude — 4 attempt(s), clean, 7378+4827 tok
  295 Transformation in Equity — 4 attempt(s), clean, 7487+4909 tok
  296 Transformation in Drive — 4 attempt(s), clean, 8033+5579 tok
  297 Transformation in Discipline — 5 attempt(s), 1 hard flag(s) open, 9812+7075 tok
  298 Transformation in Source — 5 attempt(s), 1 hard flag(s) open, 9831+7126 tok
  299 Transformation in Faith — 5 attempt(s), 1 hard flag(s) open, 6268+6577 tok
  300 Transformation in Transformation — 5 attempt(s), 2 hard flag(s) open, 9157+6260 tok
  301 Transformation in Abstraction — 4 attempt(s), clean, 7395+4494 tok
  302 Transformation in Tune — 5 attempt(s), clean, 8573+5866 tok
  303 Transformation in Breakthrough — 4 attempt(s), clean, 7601+5024 tok
  304 Transformation in Inspiration — 5 attempt(s), 3 hard flag(s) open, 9747+6662 tok
  305 Transformation in Actualization — 5 attempt(s), 3 hard flag(s) open, 9049+5909 tok
  306 Transformation in Imagination — 5 attempt(s), 1 hard flag(s) open, 9270+6523 tok
  307 Transformation in Recognition — 5 attempt(s), clean, 8787+5693 tok
  308 Tune in Potential — 4 attempt(s), clean, 7447+4888 tok
  309 Transformation in Creation — 5 attempt(s), 7 hard flag(s) open, 9043+6043 tok
  310 Tune in Will — 5 attempt(s), 1 hard flag(s) open, 8742+6115 tok
  311 Tune in Wisdom — 5 attempt(s), clean, 9217+6541 tok
  312 Tune in Nurturing — 5 attempt(s), 3 hard flag(s) open, 8893+5804 tok
  313 Tune in Culture — 4 attempt(s), clean, 7616+5168 tok
  314 Tune in Authority — 5 attempt(s), 2 hard flag(s) open, 8592+5743 tok
  315 Tune in Compassion — 5 attempt(s), 1 hard flag(s) open, 8861+5980 tok
  316 Tune in Fortitude — 5 attempt(s), clean, 8956+5941 tok
  317 Tune in Discipline — 5 attempt(s), clean, 8682+5884 tok
  318 Tune in Drive — 5 attempt(s), clean, 9867+7257 tok
  319 Tune in Source — 4 attempt(s), clean, 7764+5205 tok
  320 Tune in Equity — 5 attempt(s), clean, 9288+6381 tok
  321 Tune in Faith — 5 attempt(s), 2 hard flag(s) open, 9639+6629 tok
  322 Tune in Transformation — 5 attempt(s), 4 hard flag(s) open, 9256+6641 tok
  323 Tune in Tune — 5 attempt(s), 1 hard flag(s) open, 9172+6344 tok
  324 Tune in Abstraction — 5 attempt(s), 1 hard flag(s) open, 8313+5618 tok
  325 Tune in Inspiration — 5 attempt(s), clean, 8693+5894 tok
  326 Tune in Breakthrough — 5 attempt(s), clean, 9494+6611 tok
  327 Tune in Imagination — 5 attempt(s), 1 hard flag(s) open, 9274+6488 tok
  328 Tune in Actualization — 3 attempt(s), clean, 5896+3456 tok
  329 Abstraction in Will — 4 attempt(s), clean, 7867+5034 tok
  330 Tune in Recognition — 5 attempt(s), clean, 8861+5839 tok
  331 Tune in Creation — 5 attempt(s), 1 hard flag(s) open, 9116+5860 tok
  332 Abstraction in Potential — 5 attempt(s), 2 hard flag(s) open, 10022+6689 tok
  333 Abstraction in Wisdom — 5 attempt(s), 1 hard flag(s) open, 6044+6077 tok
  334 Abstraction in Nurturing — 5 attempt(s), 6 hard flag(s) open, 9400+6210 tok
  335 Abstraction in Authority — 5 attempt(s), clean, 8753+5625 tok
  336 Abstraction in Culture — 5 attempt(s), 1 hard flag(s) open, 8760+5626 tok
  337 Abstraction in Drive — 5 attempt(s), 3 hard flag(s) open, 9160+6065 tok
  338 Abstraction in Compassion — 5 attempt(s), clean, 9058+5926 tok
  339 Abstraction in Discipline — 3 attempt(s), clean, 6513+3891 tok
  340 Abstraction in Fortitude — 5 attempt(s), 5 hard flag(s) open, 9509+6265 tok
  341 Abstraction in Faith — 4 attempt(s), clean, 7736+4950 tok
  342 Abstraction in Source — 5 attempt(s), 3 hard flag(s) open, 9065+6023 tok
  343 Abstraction in Equity — 5 attempt(s), clean, 9316+6201 tok
  344 Abstraction in Transformation — 5 attempt(s), 3 hard flag(s) open, 9583+6447 tok
  345 Abstraction in Abstraction — 5 attempt(s), 2 hard flag(s) open, 8735+5657 tok
  346 Abstraction in Breakthrough — 5 attempt(s), 4 hard flag(s) open, 9286+5983 tok
  347 Abstraction in Tune — 5 attempt(s), 4 hard flag(s) open, 9513+6476 tok
  348 Abstraction in Inspiration — 5 attempt(s), 1 hard flag(s) open, 9460+6308 tok
  349 Abstraction in Actualization — 5 attempt(s), 2 hard flag(s) open, 8904+5629 tok
  350 Abstraction in Imagination — 5 attempt(s), 1 hard flag(s) open, 9641+6527 tok
  351 Abstraction in Recognition — 5 attempt(s), 1 hard flag(s) open, 9081+6249 tok
  352 Abstraction in Creation — 5 attempt(s), clean, 9030+6194 tok
  353 Breakthrough in Potential — 5 attempt(s), 4 hard flag(s) open, 8644+5311 tok
  354 Breakthrough in Will — 5 attempt(s), 3 hard flag(s) open, 8701+5949 tok
  355 Breakthrough in Nurturing — 4 attempt(s), clean, 7966+5145 tok
  356 Breakthrough in Wisdom — 5 attempt(s), 1 hard flag(s) open, 9093+5750 tok
  357 Breakthrough in Authority — 5 attempt(s), clean, 9070+6444 tok
  358 Breakthrough in Compassion — 5 attempt(s), 2 hard flag(s) open, 8791+5710 tok
  359 Breakthrough in Culture — 5 attempt(s), 2 hard flag(s) open, 8739+5910 tok
  360 Breakthrough in Drive — 4 attempt(s), clean, 7502+4572 tok
  361 Breakthrough in Fortitude — 5 attempt(s), 4 hard flag(s) open, 9239+5923 tok
  362 Breakthrough in Source — 4 attempt(s), clean, 7353+4606 tok
  363 Breakthrough in Equity — 5 attempt(s), 2 hard flag(s) open, 8692+5883 tok
  364 Breakthrough in Discipline — 5 attempt(s), 2 hard flag(s) open, 9181+6515 tok
  365 Breakthrough in Faith — 5 attempt(s), 1 hard flag(s) open, 8993+5829 tok
  366 Breakthrough in Transformation — 5 attempt(s), 1 hard flag(s) open, 8914+5852 tok
  367 Breakthrough in Tune — 5 attempt(s), 1 hard flag(s) open, 8987+5750 tok
  368 Breakthrough in Abstraction — 5 attempt(s), 2 hard flag(s) open, 9232+5875 tok
  369 Breakthrough in Breakthrough — 4 attempt(s), clean, 7649+4769 tok
  370 Breakthrough in Actualization — 3 attempt(s), clean, 5944+3289 tok
  371 Breakthrough in Inspiration — 5 attempt(s), 2 hard flag(s) open, 9339+5630 tok
  372 Breakthrough in Imagination — 5 attempt(s), clean, 8990+6397 tok
  373 Breakthrough in Recognition — 5 attempt(s), clean, 8869+5887 tok
  374 Breakthrough in Creation — 5 attempt(s), 1 hard flag(s) open, 8479+5687 tok
  375 Inspiration in Will — 4 attempt(s), clean, 8088+5027 tok
  376 Inspiration in Potential — 5 attempt(s), 2 hard flag(s) open, 10073+6572 tok
  377 Inspiration in Wisdom — 5 attempt(s), 7 hard flag(s) open, 9070+5555 tok
  378 Inspiration in Nurturing — 5 attempt(s), clean, 9070+5893 tok
  379 Inspiration in Authority — 5 attempt(s), clean, 8879+5776 tok
  380 Inspiration in Culture — 5 attempt(s), 2 hard flag(s) open, 9309+6397 tok
  381 Inspiration in Discipline — 3 attempt(s), clean, 6313+3647 tok
  382 Inspiration in Drive — 5 attempt(s), 1 hard flag(s) open, 9323+6104 tok
  383 Inspiration in Compassion — 5 attempt(s), 2 hard flag(s) open, 9549+6703 tok
  384 Inspiration in Fortitude — 4 attempt(s), clean, 7713+4809 tok
  385 Inspiration in Faith — 3 attempt(s), clean, 6528+3866 tok
  386 Inspiration in Source — 5 attempt(s), 2 hard flag(s) open, 9334+5433 tok
  387 Inspiration in Equity — 5 attempt(s), clean, 9543+6491 tok
  388 Inspiration in Transformation — 5 attempt(s), 1 hard flag(s) open, 8506+5583 tok
  389 Inspiration in Breakthrough — 4 attempt(s), clean, 7567+4786 tok
  390 Inspiration in Abstraction — 4 attempt(s), clean, 7943+4924 tok
  391 Inspiration in Tune — 5 attempt(s), 3 hard flag(s) open, 8956+5650 tok
  392 Inspiration in Inspiration — 5 attempt(s), 2 hard flag(s) open, 8635+5539 tok
  393 Inspiration in Actualization — 5 attempt(s), clean, 8591+5699 tok
  394 Inspiration in Imagination — 5 attempt(s), clean, 9713+6673 tok
  395 Inspiration in Recognition — 4 attempt(s), clean, 7766+4921 tok
  396 Inspiration in Creation — 4 attempt(s), clean, 7629+4848 tok
  397 Imagination in Potential — 5 attempt(s), 1 hard flag(s) open, 9543+6366 tok
  398 Imagination in Wisdom — 5 attempt(s), clean, 8840+5596 tok
  399 Imagination in Nurturing — 5 attempt(s), 2 hard flag(s) open, 9142+5799 tok
  400 Imagination in Will — 5 attempt(s), clean, 9706+6532 tok
  401 Imagination in Authority — 5 attempt(s), clean, 9521+6622 tok
  402 Imagination in Compassion — 5 attempt(s), clean, 8992+5738 tok
  403 Imagination in Culture — 5 attempt(s), 2 hard flag(s) open, 9704+6363 tok
  404 Imagination in Drive — 5 attempt(s), 1 hard flag(s) open, 8696+5594 tok
  405 Imagination in Source — 4 attempt(s), clean, 7357+4648 tok
  406 Imagination in Fortitude — 5 attempt(s), 3 hard flag(s) open, 8912+5930 tok
  407 Imagination in Discipline — 5 attempt(s), 1 hard flag(s) open, 6900+6874 tok
  408 Imagination in Equity — 5 attempt(s), 6 hard flag(s) open, 9351+6262 tok
  409 Imagination in Faith — 5 attempt(s), 1 hard flag(s) open, 9620+6527 tok
  410 Imagination in Tune — 4 attempt(s), clean, 7756+5062 tok
  411 Imagination in Transformation — 5 attempt(s), 3 hard flag(s) open, 8874+5667 tok
  412 Imagination in Abstraction — 5 attempt(s), 2 hard flag(s) open, 8868+5951 tok
  413 Imagination in Breakthrough — 5 attempt(s), 2 hard flag(s) open, 8841+5962 tok
  414 Imagination in Inspiration — 5 attempt(s), clean, 10024+6903 tok
  415 Imagination in Creation — 3 attempt(s), clean, 6394+3758 tok
  416 Imagination in Imagination — 5 attempt(s), 2 hard flag(s) open, 9047+5789 tok
  417 Imagination in Actualization — 5 attempt(s), 1 hard flag(s) open, 9644+6697 tok
  418 Actualization in Potential — 4 attempt(s), clean, 8010+5203 tok
  419 Imagination in Recognition — 5 attempt(s), 1 hard flag(s) open, 9023+5958 tok
  420 Actualization in Will — 5 attempt(s), 1 hard flag(s) open, 9516+6430 tok
  421 Actualization in Wisdom — 5 attempt(s), 2 hard flag(s) open, 9274+5871 tok
  422 Actualization in Nurturing — 4 attempt(s), clean, 7631+4691 tok
  423 Actualization in Authority — 5 attempt(s), clean, 9147+5805 tok
  424 Actualization in Drive — 4 attempt(s), clean, 7741+4940 tok
  425 Actualization in Culture — 5 attempt(s), clean, 9553+6451 tok
  426 Actualization in Compassion — 5 attempt(s), 3 hard flag(s) open, 9596+6214 tok
  427 Actualization in Fortitude — 5 attempt(s), 2 hard flag(s) open, 9589+6277 tok
  428 Actualization in Source — 4 attempt(s), clean, 7940+5253 tok
  429 Actualization in Discipline — 5 attempt(s), 3 hard flag(s) open, 9886+6562 tok
  430 Actualization in Equity — 5 attempt(s), 1 hard flag(s) open, 9030+5985 tok
  431 Actualization in Abstraction — 4 attempt(s), clean, 8024+5074 tok
  432 Actualization in Faith — 5 attempt(s), clean, 9460+6430 tok
  433 Actualization in Tune — 4 attempt(s), clean, 7881+5067 tok
  434 Actualization in Transformation — 5 attempt(s), 1 hard flag(s) open, 8981+5970 tok
  435 Actualization in Breakthrough — 5 attempt(s), 2 hard flag(s) open, 9327+6031 tok
  436 Actualization in Imagination — 5 attempt(s), 1 hard flag(s) open, 9813+6265 tok
  437 Actualization in Inspiration — 5 attempt(s), clean, 9551+6638 tok
  438 Actualization in Actualization — 5 attempt(s), clean, 9211+6283 tok
  439 Actualization in Recognition — 5 attempt(s), 5 hard flag(s) open, 9310+5920 tok
  440 Recognition in Will — 4 attempt(s), clean, 8142+5513 tok
  441 Recognition in Potential — 5 attempt(s), 3 hard flag(s) open, 9044+5765 tok
  442 Actualization in Creation — 5 attempt(s), clean, 9252+6115 tok
  443 Recognition in Wisdom — 5 attempt(s), clean, 5481+5842 tok
  444 Recognition in Culture — 4 attempt(s), clean, 7717+4703 tok
  445 Recognition in Nurturing — 5 attempt(s), 1 hard flag(s) open, 9032+5886 tok
  446 Recognition in Compassion — 4 attempt(s), clean, 7400+4622 tok
  447 Recognition in Authority — 5 attempt(s), 1 hard flag(s) open, 9801+6567 tok
  448 Recognition in Discipline — 4 attempt(s), clean, 7666+4828 tok
  449 Recognition in Fortitude — 4 attempt(s), clean, 8219+5429 tok
  450 Recognition in Source — 4 attempt(s), clean, 7706+4943 tok
  451 Recognition in Drive — 5 attempt(s), clean, 9027+6493 tok
  452 Recognition in Equity — 4 attempt(s), clean, 7667+5159 tok
  453 Recognition in Tune — 3 attempt(s), clean, 6483+3765 tok
  454 Recognition in Transformation — 5 attempt(s), clean, 8900+5836 tok
  455 Recognition in Abstraction — 5 attempt(s), 2 hard flag(s) open, 8877+5816 tok
  456 Recognition in Inspiration — 4 attempt(s), clean, 4598+4606 tok
  457 Recognition in Faith — 5 attempt(s), 1 hard flag(s) open, 9499+6562 tok
  458 Recognition in Imagination — 5 attempt(s), 2 hard flag(s) open, 8880+5932 tok
  459 Recognition in Breakthrough — 5 attempt(s), clean, 9122+6031 tok
  460 Recognition in Creation — 3 attempt(s), clean, 5967+3604 tok
  461 Recognition in Actualization — 4 attempt(s), clean, 8112+5559 tok
  462 Recognition in Recognition — 4 attempt(s), clean, 7905+4950 tok
  463 Creation in Will — 4 attempt(s), clean, 7688+4734 tok
  464 Creation in Potential — 5 attempt(s), clean, 9060+6052 tok
  465 Creation in Wisdom — 5 attempt(s), 2 hard flag(s) open, 9386+6332 tok
  466 Creation in Nurturing — 5 attempt(s), clean, 8902+5753 tok
  467 Creation in Authority — 5 attempt(s), clean, 9080+6200 tok
  468 Creation in Compassion — 3 attempt(s), clean, 6002+3560 tok
  469 Creation in Culture — 5 attempt(s), 1 hard flag(s) open, 9084+6279 tok
  470 Creation in Drive — 5 attempt(s), clean, 9277+6328 tok
  471 Creation in Fortitude — 5 attempt(s), clean, 9472+6266 tok
  472 Creation in Discipline — 5 attempt(s), 1 hard flag(s) open, 9512+6665 tok
  473 Creation in Source — 5 attempt(s), 1 hard flag(s) open, 8955+5994 tok
  474 Creation in Equity — 5 attempt(s), clean, 9572+6717 tok
  475 Creation in Transformation — 5 attempt(s), 1 hard flag(s) open, 8782+5709 tok
  476 Creation in Faith — 5 attempt(s), 1 hard flag(s) open, 9442+6360 tok
  477 Creation in Tune — 5 attempt(s), 1 hard flag(s) open, 9813+6627 tok
  478 Creation in Abstraction — 5 attempt(s), 3 hard flag(s) open, 9931+6389 tok
  479 Creation in Inspiration — 4 attempt(s), clean, 7721+4856 tok
  480 Creation in Breakthrough — 5 attempt(s), 1 hard flag(s) open, 9487+6457 tok
  481 Creation in Actualization — 5 attempt(s), clean, 8910+5927 tok
  482 Creation in Recognition — 4 attempt(s), clean, 8033+5079 tok
  483 Creation in Imagination — 5 attempt(s), 2 hard flag(s) open, 9873+6660 tok
  484 Creation in Creation — 5 attempt(s), 1 hard flag(s) open, 9365+6612 tok
  485 Activation in Potential — 5 attempt(s), 1 hard flag(s) open, 9485+5822 tok
  486 Activation in Will — 5 attempt(s), clean, 9593+5454 tok
  487 Activation in Wisdom — 5 attempt(s), clean, 9533+5447 tok
  488 Activation in Nurturing — 5 attempt(s), 1 hard flag(s) open, 9606+5937 tok
  489 Activation in Compassion — 4 attempt(s), clean, 8494+4858 tok
  490 Activation in Authority — 5 attempt(s), 3 hard flag(s) open, 9431+5957 tok
  491 Activation in Drive — 4 attempt(s), clean, 8490+5070 tok
  492 Activation in Culture — 5 attempt(s), 3 hard flag(s) open, 10570+6442 tok
  493 Activation in Fortitude — 5 attempt(s), clean, 9407+5961 tok
  494 Activation in Discipline — 4 attempt(s), clean, 8231+5131 tok
  495 Activation in Source — 5 attempt(s), 1 hard flag(s) open, 9681+6035 tok
  496 Activation in Faith — 4 attempt(s), clean, 7973+4793 tok
  497 Activation in Transformation — 4 attempt(s), clean, 8455+4915 tok
  498 Activation in Equity — 5 attempt(s), 1 hard flag(s) open, 9835+5675 tok
  499 Activation in Breakthrough — 4 attempt(s), clean, 8400+4649 tok
  500 Activation in Abstraction — 5 attempt(s), 1 hard flag(s) open, 9690+5821 tok
  501 Activation in Tune — 5 attempt(s), 1 hard flag(s) open, 10151+6660 tok
  502 Activation in Imagination — 3 attempt(s), clean, 6621+3555 tok
  503 Activation in Inspiration — 4 attempt(s), clean, 8721+5554 tok
  504 Activation in Actualization — 4 attempt(s), clean, 8121+4758 tok
  505 Activation in Creation — 5 attempt(s), 1 hard flag(s) open, 9372+5907 tok
  506 Activation in Recognition — 5 attempt(s), clean, 9858+6262 tok
  507 Orientation in Will — 4 attempt(s), clean, 8506+5270 tok
  508 Orientation in Potential — 5 attempt(s), 1 hard flag(s) open, 10119+6451 tok
  509 Orientation in Culture — 3 attempt(s), clean, 6773+3866 tok
  510 Orientation in Authority — 5 attempt(s), clean, 8982+5452 tok
  511 Orientation in Nurturing — 5 attempt(s), clean, 9562+6024 tok
  512 Orientation in Wisdom — 5 attempt(s), 4 hard flag(s) open, 9795+6097 tok
  513 Orientation in Compassion — 5 attempt(s), 1 hard flag(s) open, 9951+6352 tok
  514 Orientation in Drive — 5 attempt(s), clean, 9946+5901 tok
  515 Orientation in Equity — 3 attempt(s), clean, 6575+3508 tok
  516 Orientation in Fortitude — 5 attempt(s), clean, 9704+6207 tok
  517 Orientation in Discipline — 5 attempt(s), 1 hard flag(s) open, 10029+6000 tok
  518 Orientation in Source — 5 attempt(s), clean, 9483+6234 tok
  519 Orientation in Transformation — 5 attempt(s), 2 hard flag(s) open, 9228+5727 tok
  520 Orientation in Faith — 5 attempt(s), 1 hard flag(s) open, 10279+6398 tok
  521 Orientation in Tune — 4 attempt(s), clean, 8522+5276 tok
  522 Orientation in Breakthrough — 5 attempt(s), clean, 9160+5577 tok
  523 Orientation in Abstraction — 5 attempt(s), clean, 9261+5818 tok
  524 Orientation in Inspiration — 4 attempt(s), clean, 8681+5022 tok
  525 Orientation in Actualization — 4 attempt(s), clean, 8112+4753 tok
  526 Orientation in Recognition — 5 attempt(s), 4 hard flag(s) open, 9465+5648 tok
  527 Orientation in Imagination — 5 attempt(s), 2 hard flag(s) open, 9685+6039 tok
  528 Orientation in Creation — 5 attempt(s), 1 hard flag(s) open, 9723+6288 tok
  529 Assertion in Potential — 4 attempt(s), clean, 8021+4559 tok
  530 Assertion in Will — 5 attempt(s), 1 hard flag(s) open, 9495+5870 tok
  531 Assertion in Wisdom — 4 attempt(s), clean, 8391+5209 tok
  532 Assertion in Nurturing — 4 attempt(s), clean, 8622+5131 tok
  533 Assertion in Authority — 5 attempt(s), 2 hard flag(s) open, 10082+6441 tok
  534 Assertion in Culture — 5 attempt(s), 2 hard flag(s) open, 10018+6374 tok
  535 Assertion in Compassion — 5 attempt(s), 1 hard flag(s) open, 9272+5873 tok
  536 Assertion in Drive — 4 attempt(s), clean, 7755+4618 tok
  537 Assertion in Fortitude — 5 attempt(s), 2 hard flag(s) open, 9664+6053 tok
  538 Assertion in Source — 5 attempt(s), clean, 9640+6181 tok
  539 Assertion in Equity — 5 attempt(s), 2 hard flag(s) open, 9596+5855 tok
  540 Assertion in Discipline — 5 attempt(s), clean, 9963+6681 tok
  541 Assertion in Abstraction — 4 attempt(s), clean, 7896+4742 tok
  542 Assertion in Tune — 4 attempt(s), clean, 8327+5038 tok
  543 Assertion in Transformation — 4 attempt(s), clean, 8510+5436 tok
  544 Assertion in Faith — 5 attempt(s), 5 hard flag(s) open, 9477+5670 tok
  545 Assertion in Breakthrough — 5 attempt(s), clean, 9471+6036 tok
  546 Assertion in Inspiration — 5 attempt(s), clean, 9362+5800 tok
  547 Assertion in Creation — 3 attempt(s), clean, 6744+3753 tok
  548 Assertion in Imagination — 5 attempt(s), 1 hard flag(s) open, 9602+6344 tok
  549 Assertion in Actualization — 5 attempt(s), 1 hard flag(s) open, 9760+6235 tok
  550 Assertion in Recognition — 5 attempt(s), 4 hard flag(s) open, 9691+5730 tok
  551 Alignment in Will — 5 attempt(s), 1 hard flag(s) open, 9376+5701 tok
  552 Alignment in Potential — 5 attempt(s), 2 hard flag(s) open, 9968+6597 tok
  553 Alignment in Wisdom — 5 attempt(s), 3 hard flag(s) open, 9310+5489 tok
  554 Alignment in Authority — 4 attempt(s), clean, 8037+4806 tok
  555 Alignment in Culture — 4 attempt(s), clean, 8074+4741 tok
  556 Alignment in Nurturing — 5 attempt(s), 1 hard flag(s) open, 9775+6506 tok
  557 Alignment in Compassion — 5 attempt(s), clean, 9386+6003 tok
  558 Alignment in Drive — 5 attempt(s), 1 hard flag(s) open, 9491+6007 tok
  559 Alignment in Discipline — 4 attempt(s), clean, 8117+4955 tok
  560 Alignment in Fortitude — 5 attempt(s), 3 hard flag(s) open, 9056+5725 tok
  561 Alignment in Equity — 4 attempt(s), clean, 8052+5071 tok
  562 Alignment in Source — 5 attempt(s), clean, 9636+6448 tok
  563 Alignment in Transformation — 3 attempt(s), clean, 6544+3621 tok
  564 Alignment in Breakthrough — 3 attempt(s), clean, 6620+3565 tok
  565 Alignment in Faith — 5 attempt(s), clean, 10003+6568 tok
  566 Alignment in Abstraction — 5 attempt(s), clean, 9512+5462 tok
  567 Alignment in Tune — 5 attempt(s), clean, 10346+6857 tok
  568 Alignment in Inspiration — 5 attempt(s), 1 hard flag(s) open, 9565+6058 tok
  569 Alignment in Recognition — 3 attempt(s), clean, 6639+3807 tok
  570 Alignment in Imagination — 4 attempt(s), clean, 8084+4983 tok
  571 Dedication in Potential — 3 attempt(s), clean, 6732+3501 tok
  572 Alignment in Actualization — 5 attempt(s), 11 hard flag(s) open, 9972+5990 tok
  573 Dedication in Nurturing — 4 attempt(s), clean, 7844+4664 tok
  574 Alignment in Creation — 5 attempt(s), clean, 10502+7211 tok
  575 Dedication in Wisdom — 5 attempt(s), 1 hard flag(s) open, 9713+6031 tok
  576 Dedication in Culture — 4 attempt(s), clean, 8031+4713 tok
  577 Dedication in Authority — 5 attempt(s), 1 hard flag(s) open, 9304+5911 tok
  578 Dedication in Will — 5 attempt(s), 2 hard flag(s) open, 9771+6392 tok
  579 Dedication in Compassion — 5 attempt(s), clean, 9082+5817 tok
  580 Dedication in Drive — 5 attempt(s), clean, 9282+6027 tok
  581 Dedication in Fortitude — 5 attempt(s), clean, 9350+5676 tok
  582 Dedication in Discipline — 5 attempt(s), 4 hard flag(s) open, 10542+6222 tok
  583 Dedication in Transformation — 4 attempt(s), clean, 8113+4874 tok
  584 Dedication in Source — 5 attempt(s), clean, 9512+6130 tok
  585 Dedication in Faith — 5 attempt(s), clean, 9180+5507 tok
  586 Dedication in Equity — 5 attempt(s), 1 hard flag(s) open, 10028+6201 tok
  587 Dedication in Abstraction — 3 attempt(s), clean, 6654+3735 tok
  588 Dedication in Tune — 5 attempt(s), clean, 9915+6470 tok
  589 Dedication in Breakthrough — 5 attempt(s), 2 hard flag(s) open, 10300+6875 tok
  590 Dedication in Actualization — 5 attempt(s), 1 hard flag(s) open, 9103+5643 tok
  591 Dedication in Inspiration — 5 attempt(s), clean, 10151+6353 tok
  592 Dedication in Creation — 5 attempt(s), 1 hard flag(s) open, 8803+5549 tok
  593 Dedication in Recognition — 5 attempt(s), 1 hard flag(s) open, 9198+5767 tok
  594 Dedication in Imagination — 5 attempt(s), clean, 9896+6287 tok
  595 Honor in Potential — 5 attempt(s), 1 hard flag(s) open, 9242+5912 tok
  596 Honor in Will — 5 attempt(s), 1 hard flag(s) open, 10105+6555 tok
  597 Honor in Drive — 4 attempt(s), clean, 8090+4828 tok
  598 Honor in Wisdom — 5 attempt(s), clean, 9658+5910 tok
  599 Honor in Nurturing — 5 attempt(s), 1 hard flag(s) open, 9748+5991 tok
  600 Honor in Authority — 5 attempt(s), 3 hard flag(s) open, 9918+6278 tok
  601 Honor in Compassion — 5 attempt(s), 1 hard flag(s) open, 10012+6695 tok
  602 Honor in Culture — 5 attempt(s), 2 hard flag(s) open, 10009+6754 tok
  603 Honor in Fortitude — 5 attempt(s), 2 hard flag(s) open, 9609+6004 tok
  604 Honor in Discipline — 3 attempt(s), clean, 6693+3630 tok
  605 Honor in Source — 3 attempt(s), clean, 6695+3518 tok
  606 Honor in Equity — 5 attempt(s), 1 hard flag(s) open, 10012+6180 tok
  607 Honor in Transformation — 5 attempt(s), 1 hard flag(s) open, 9864+6487 tok
  608 Honor in Faith — 5 attempt(s), 2 hard flag(s) open, 10063+6247 tok
  609 Honor in Tune — 5 attempt(s), 2 hard flag(s) open, 9498+5796 tok
  610 Honor in Breakthrough — 5 attempt(s), 1 hard flag(s) open, 9202+5626 tok
  611 Honor in Abstraction — 5 attempt(s), 1 hard flag(s) open, 9529+5972 tok
  612 Honor in Inspiration — 5 attempt(s), 2 hard flag(s) open, 10216+6234 tok
  613 Honor in Imagination — 5 attempt(s), 2 hard flag(s) open, 10237+6489 tok
  614 Resolve in Potential — 3 attempt(s), clean, 6532+3349 tok
  615 Honor in Recognition — 5 attempt(s), clean, 9420+6243 tok
  616 Honor in Actualization — 5 attempt(s), 1 hard flag(s) open, 9838+6362 tok
  617 Resolve in Nurturing — 5 attempt(s), clean, 8773+5488 tok
  618 Resolve in Will — 5 attempt(s), 1 hard flag(s) open, 9367+5560 tok
  619 Honor in Creation — 5 attempt(s), 1 hard flag(s) open, 9883+6535 tok
  620 Resolve in Wisdom — 5 attempt(s), clean, 9062+5902 tok
  621 Resolve in Authority — 5 attempt(s), 1 hard flag(s) open, 9126+5981 tok
  622 Resolve in Culture — 4 attempt(s), clean, 8017+4647 tok
  623 Resolve in Drive — 5 attempt(s), 1 hard flag(s) open, 9407+5855 tok
  624 Resolve in Compassion — 5 attempt(s), 1 hard flag(s) open, 9604+6000 tok
  625 Resolve in Fortitude — 4 attempt(s), clean, 8663+5595 tok
  626 Resolve in Source — 4 attempt(s), clean, 8378+5268 tok
  627 Resolve in Discipline — 5 attempt(s), clean, 9368+5886 tok
  628 Resolve in Equity — 5 attempt(s), 1 hard flag(s) open, 9651+6301 tok
  629 Resolve in Faith — 4 attempt(s), clean, 7873+4751 tok
  630 Resolve in Transformation — 4 attempt(s), clean, 7899+4753 tok
  631 Resolve in Breakthrough — 3 attempt(s), clean, 6477+3571 tok
  632 Resolve in Tune — 4 attempt(s), clean, 7738+4888 tok
  633 Resolve in Abstraction — 4 attempt(s), clean, 8054+4899 tok
  634 Resolve in Imagination — 4 attempt(s), clean, 8425+5301 tok
  635 Resolve in Creation — 3 attempt(s), clean, 6336+3349 tok
  636 Resolve in Inspiration — 5 attempt(s), 3 hard flag(s) open, 9678+6029 tok
  637 Resolve in Recognition — 4 attempt(s), clean, 7730+4756 tok
  638 Resolve in Actualization — 5 attempt(s), 3 hard flag(s) open, 10155+6250 tok
  639 Command in Will — 4 attempt(s), clean, 8173+4756 tok
  640 Command in Potential — 5 attempt(s), clean, 9096+5654 tok
  641 Command in Wisdom — 5 attempt(s), clean, 9519+5979 tok
  642 Command in Authority — 5 attempt(s), clean, 9341+5742 tok
  643 Command in Nurturing — 5 attempt(s), 1 hard flag(s) open, 9303+5751 tok
  644 Command in Culture — 5 attempt(s), 2 hard flag(s) open, 9875+6659 tok
  645 Command in Compassion — 5 attempt(s), 2 hard flag(s) open, 9520+5637 tok
  646 Command in Fortitude — 3 attempt(s), clean, 6442+3331 tok
  647 Command in Discipline — 4 attempt(s), clean, 7923+4658 tok
  648 Command in Drive — 5 attempt(s), 2 hard flag(s) open, 10409+7319 tok
  649 Command in Source — 4 attempt(s), clean, 7861+4519 tok
  650 Command in Equity — 5 attempt(s), 1 hard flag(s) open, 9150+5753 tok
  651 Command in Transformation — 5 attempt(s), 1 hard flag(s) open, 8986+5761 tok
  652 Command in Faith — 5 attempt(s), 2 hard flag(s) open, 9614+6274 tok
  653 Command in Tune — 5 attempt(s), 2 hard flag(s) open, 9856+6131 tok
  654 Command in Abstraction — 5 attempt(s), 1 hard flag(s) open, 9706+5902 tok
  655 Command in Inspiration — 5 attempt(s), clean, 9334+5552 tok
  656 Command in Breakthrough — 5 attempt(s), clean, 9613+5949 tok
  657 Command in Imagination — 5 attempt(s), clean, 9486+5915 tok
  658 Command in Actualization — 5 attempt(s), 2 hard flag(s) open, 9486+6085 tok
  659 Command in Creation — 5 attempt(s), 4 hard flag(s) open, 9396+5619 tok
  660 Command in Recognition — 5 attempt(s), 1 hard flag(s) open, 8883+5798 tok
  661 Resilience in Will — 5 attempt(s), 1 hard flag(s) open, 9613+6106 tok
  662 Resilience in Potential — 5 attempt(s), 1 hard flag(s) open, 9565+5672 tok
  663 Resilience in Wisdom — 4 attempt(s), clean, 9057+5528 tok
  664 Resilience in Authority — 5 attempt(s), clean, 9117+6087 tok
  665 Resilience in Nurturing — 5 attempt(s), 1 hard flag(s) open, 9377+5723 tok
  666 Resilience in Culture — 5 attempt(s), 1 hard flag(s) open, 9178+5784 tok
  667 Resilience in Fortitude — 4 attempt(s), clean, 7897+4554 tok
  668 Resilience in Drive — 5 attempt(s), clean, 9473+6267 tok
  669 Resilience in Compassion — 5 attempt(s), 4 hard flag(s) open, 10166+6210 tok
  670 Resilience in Discipline — 5 attempt(s), clean, 9710+6513 tok
  671 Resilience in Source — 5 attempt(s), clean, 9762+6188 tok
  672 Resilience in Faith — 5 attempt(s), 1 hard flag(s) open, 9327+6013 tok
  673 Resilience in Equity — 5 attempt(s), clean, 10229+6934 tok
  674 Resilience in Transformation — 5 attempt(s), 1 hard flag(s) open, 9154+5726 tok
  675 Resilience in Abstraction — 5 attempt(s), clean, 9239+5663 tok
  676 Resilience in Tune — 5 attempt(s), 2 hard flag(s) open, 9646+5822 tok
  677 Resilience in Breakthrough — 5 attempt(s), 2 hard flag(s) open, 9460+6040 tok
  678 Resilience in Imagination — 4 attempt(s), clean, 8238+4777 tok
  679 Resilience in Actualization — 5 attempt(s), 1 hard flag(s) open, 9007+5529 tok
  680 Resilience in Inspiration — 5 attempt(s), clean, 10058+6478 tok
  681 Resilience in Recognition — 5 attempt(s), 2 hard flag(s) open, 10057+6385 tok
  682 Resilience in Creation — 5 attempt(s), 1 hard flag(s) open, 9574+6032 tok
  683 Realization in Will — 5 attempt(s), clean, 9216+5691 tok
  684 Realization in Wisdom — 5 attempt(s), clean, 9776+5932 tok
  685 Realization in Potential — 5 attempt(s), clean, 10191+7143 tok
  686 Realization in Nurturing — 5 attempt(s), clean, 9888+6341 tok
  687 Realization in Culture — 5 attempt(s), 2 hard flag(s) open, 9582+5515 tok
  688 Realization in Authority — 5 attempt(s), 1 hard flag(s) open, 10089+6634 tok
  689 Realization in Fortitude — 3 attempt(s), clean, 6951+3877 tok
  690 Realization in Compassion — 4 attempt(s), clean, 8196+4846 tok
  691 Realization in Drive — 5 attempt(s), clean, 9651+6358 tok
  692 Realization in Discipline — 5 attempt(s), clean, 9930+6362 tok
  693 Realization in Source — 5 attempt(s), 1 hard flag(s) open, 10148+6705 tok
  694 Realization in Transformation — 4 attempt(s), clean, 7907+4465 tok
  695 Realization in Faith — 5 attempt(s), clean, 9387+5488 tok
  696 Realization in Equity — 5 attempt(s), 1 hard flag(s) open, 9644+5999 tok
  697 Realization in Tune — 5 attempt(s), clean, 9605+5994 tok
  698 Realization in Abstraction — 5 attempt(s), 1 hard flag(s) open, 9807+6624 tok
  699 Realization in Breakthrough — 5 attempt(s), clean, 9669+6077 tok
  700 Realization in Imagination — 4 attempt(s), clean, 7729+4538 tok
  701 Realization in Inspiration — 4 attempt(s), clean, 8287+4906 tok
  702 Realization in Actualization — 5 attempt(s), clean, 9950+6262 tok
  703 Realization in Recognition — 5 attempt(s), clean, 9785+6234 tok
  704 Realization in Creation — 5 attempt(s), clean, 9642+6161 tok
  705 Perception in Potential — 5 attempt(s), 1 hard flag(s) open, 9797+6098 tok
  706 Perception in Will — 5 attempt(s), 3 hard flag(s) open, 9978+6263 tok
  707 Perception in Nurturing — 4 attempt(s), clean, 8206+5027 tok
  708 Perception in Wisdom — 5 attempt(s), 4 hard flag(s) open, 9538+5592 tok
  709 Perception in Authority — 5 attempt(s), clean, 9374+5669 tok
  710 Perception in Culture — 5 attempt(s), 5 hard flag(s) open, 9979+5980 tok
  711 Perception in Drive — 5 attempt(s), 2 hard flag(s) open, 9510+5652 tok
  712 Perception in Compassion — 5 attempt(s), 1 hard flag(s) open, 9622+6204 tok
  713 Perception in Fortitude — 5 attempt(s), 1 hard flag(s) open, 10217+6664 tok
  714 Perception in Discipline — 5 attempt(s), 1 hard flag(s) open, 9651+5896 tok
  715 Perception in Source — 5 attempt(s), clean, 9599+5672 tok
  716 Perception in Equity — 5 attempt(s), 1 hard flag(s) open, 9672+6060 tok
  717 Perception in Faith — 5 attempt(s), 1 hard flag(s) open, 10422+6804 tok
  718 Perception in Abstraction — 5 attempt(s), 1 hard flag(s) open, 8932+5318 tok
  719 Perception in Tune — 5 attempt(s), 1 hard flag(s) open, 8979+5610 tok
  720 Perception in Transformation — 5 attempt(s), 2 hard flag(s) open, 9371+5857 tok
  721 Perception in Inspiration — 5 attempt(s), 2 hard flag(s) open, 9576+5974 tok
  722 Perception in Imagination — 5 attempt(s), clean, 9226+5526 tok
  723 Perception in Breakthrough — 5 attempt(s), clean, 9719+6212 tok
  724 Perception in Actualization — 5 attempt(s), clean, 9613+5879 tok
  725 Perception in Recognition — 5 attempt(s), 1 hard flag(s) open, 10076+6464 tok
  726 Perception in Creation — 4 attempt(s), clean, 8113+4739 tok
  727 Reflection in Nurturing — 3 attempt(s), clean, 6737+3794 tok
  728 Reflection in Potential — 5 attempt(s), clean, 9490+5480 tok
  729 Reflection in Will — 5 attempt(s), clean, 10328+6932 tok
  730 Reflection in Authority — 5 attempt(s), 4 hard flag(s) open, 9863+6126 tok
  731 Reflection in Wisdom — 5 attempt(s), 1 hard flag(s) open, 10165+6146 tok
  732 Reflection in Culture — 5 attempt(s), clean, 10304+6852 tok
  733 Reflection in Drive — 5 attempt(s), 2 hard flag(s) open, 9220+5648 tok
  734 Reflection in Compassion — 5 attempt(s), clean, 9791+5942 tok
  735 Reflection in Discipline — 4 attempt(s), clean, 8076+4747 tok
  736 Reflection in Fortitude — 4 attempt(s), clean, 8161+4815 tok
  737 Reflection in Source — 5 attempt(s), 4 hard flag(s) open, 10249+6483 tok
  738 Reflection in Faith — 5 attempt(s), clean, 9547+5981 tok
  739 Reflection in Equity — 5 attempt(s), 1 hard flag(s) open, 10310+6398 tok
  740 Reflection in Transformation — 5 attempt(s), clean, 9950+5938 tok
  741 Reflection in Tune — 5 attempt(s), 1 hard flag(s) open, 10053+6215 tok
  742 Reflection in Inspiration — 5 attempt(s), 1 hard flag(s) open, 9527+5650 tok
  743 Reflection in Abstraction — 5 attempt(s), 3 hard flag(s) open, 10057+6228 tok
  744 Reflection in Breakthrough — 5 attempt(s), 1 hard flag(s) open, 9980+5954 tok
  745 Reflection in Actualization — 4 attempt(s), clean, 8089+4642 tok
  746 Reflection in Imagination — 5 attempt(s), clean, 9601+5785 tok
  747 Reflection in Recognition — 5 attempt(s), clean, 10240+6566 tok
  748 Calculation in Potential — 4 attempt(s), clean, 7845+4517 tok
  749 Reflection in Creation — 4 attempt(s), clean, 8494+5110 tok
  750 Calculation in Wisdom — 4 attempt(s), clean, 8467+5024 tok
  751 Calculation in Will — 5 attempt(s), 2 hard flag(s) open, 9721+6088 tok
  752 Calculation in Nurturing — 4 attempt(s), clean, 8742+5582 tok
  753 Calculation in Culture — 5 attempt(s), 2 hard flag(s) open, 9291+5571 tok
  754 Calculation in Authority — 5 attempt(s), 1 hard flag(s) open, 9643+6129 tok
  755 Calculation in Fortitude — 5 attempt(s), clean, 9182+5385 tok
  756 Calculation in Drive — 5 attempt(s), 3 hard flag(s) open, 9339+6172 tok
  757 Calculation in Compassion — 5 attempt(s), clean, 9991+6514 tok
  758 Calculation in Discipline — 5 attempt(s), 1 hard flag(s) open, 9101+5628 tok
  759 Calculation in Equity — 5 attempt(s), 2 hard flag(s) open, 10237+6518 tok
  760 Calculation in Source — 5 attempt(s), clean, 9771+6571 tok
  761 Calculation in Faith — 4 attempt(s), clean, 7842+4483 tok
  762 Calculation in Tune — 3 attempt(s), clean, 6703+3629 tok
  763 Calculation in Transformation — 5 attempt(s), 5 hard flag(s) open, 11306+7600 tok
  764 Calculation in Abstraction — 4 attempt(s), clean, 8532+5182 tok
  765 Calculation in Breakthrough — 5 attempt(s), clean, 9572+6036 tok
  766 Calculation in Imagination — 4 attempt(s), clean, 8450+4558 tok
  767 Calculation in Inspiration — 5 attempt(s), 2 hard flag(s) open, 10360+6496 tok
  768 Calculation in Actualization — 5 attempt(s), 1 hard flag(s) open, 9543+6094 tok
  769 Calculation in Recognition — 5 attempt(s), 3 hard flag(s) open, 9504+5903 tok
  770 Calculation in Creation — 5 attempt(s), 1 hard flag(s) open, 9397+5902 tok
  771 Repose in Potential — 4 attempt(s), clean, 7664+4621 tok
  772 Repose in Will — 5 attempt(s), clean, 9153+5818 tok
  773 Repose in Nurturing — 3 attempt(s), clean, 6811+3825 tok
  774 Repose in Wisdom — 5 attempt(s), 2 hard flag(s) open, 9569+6208 tok
  775 Repose in Authority — 5 attempt(s), 1 hard flag(s) open, 9266+5906 tok
  776 Repose in Culture — 5 attempt(s), clean, 8964+5945 tok
  777 Repose in Compassion — 5 attempt(s), 1 hard flag(s) open, 8856+5520 tok
  778 Repose in Drive — 5 attempt(s), 1 hard flag(s) open, 9858+6510 tok
  779 Repose in Discipline — 4 attempt(s), clean, 8287+5125 tok
  780 Repose in Fortitude — 5 attempt(s), clean, 10450+6282 tok
  781 Repose in Source — 5 attempt(s), 1 hard flag(s) open, 9703+6233 tok
  782 Repose in Equity — 5 attempt(s), clean, 9740+6286 tok
  783 Repose in Faith — 5 attempt(s), 3 hard flag(s) open, 9231+5408 tok
  784 Repose in Transformation — 5 attempt(s), 1 hard flag(s) open, 9665+6401 tok
  785 Repose in Abstraction — 4 attempt(s), clean, 8045+4856 tok
  786 Repose in Inspiration — 3 attempt(s), clean, 6975+3875 tok
  787 Repose in Tune — 5 attempt(s), 2 hard flag(s) open, 10144+6740 tok
  788 Repose in Breakthrough — 5 attempt(s), 1 hard flag(s) open, 9466+6245 tok
  789 Repose in Imagination — 5 attempt(s), clean, 9793+6379 tok
  790 Repose in Creation — 4 attempt(s), clean, 8000+4738 tok
  791 Repose in Actualization — 5 attempt(s), 5 hard flag(s) open, 9900+5653 tok
  792 Honing in Potential — 4 attempt(s), clean, 7724+4643 tok
  793 Honing in Wisdom — 3 attempt(s), clean, 6843+3881 tok
  794 Repose in Recognition — 5 attempt(s), 5 hard flag(s) open, 9474+6494 tok
  795 Honing in Will — 5 attempt(s), 3 hard flag(s) open, 9921+5993 tok
  796 Honing in Nurturing — 5 attempt(s), clean, 9000+5629 tok
  797 Honing in Culture — 4 attempt(s), clean, 7704+4611 tok
  798 Honing in Drive — 5 attempt(s), 1 hard flag(s) open, 8876+5440 tok
  799 Honing in Authority — 5 attempt(s), clean, 9048+5641 tok
  800 Honing in Discipline — 5 attempt(s), 1 hard flag(s) open, 9424+5809 tok
  801 Honing in Compassion — 5 attempt(s), 1 hard flag(s) open, 9497+6096 tok
  802 Honing in Fortitude — 5 attempt(s), clean, 9905+6279 tok
  803 Honing in Equity — 4 attempt(s), clean, 8216+4750 tok
  804 Honing in Source — 5 attempt(s), 3 hard flag(s) open, 8937+5420 tok
  805 Honing in Faith — 5 attempt(s), clean, 9283+5650 tok
  806 Honing in Transformation — 5 attempt(s), 1 hard flag(s) open, 9008+5695 tok
  807 Honing in Tune — 5 attempt(s), clean, 9611+6159 tok
  808 Honing in Breakthrough — 5 attempt(s), clean, 8699+5545 tok
  809 Honing in Inspiration — 5 attempt(s), clean, 9644+5892 tok
  810 Honing in Abstraction — 5 attempt(s), clean, 9620+6207 tok
  811 Honing in Imagination — 5 attempt(s), 1 hard flag(s) open, 9200+5614 tok
  812 Honing in Actualization — 5 attempt(s), clean, 9603+6313 tok
  813 Honing in Recognition — 5 attempt(s), 1 hard flag(s) open, 9278+6199 tok
  814 Guidance in Nurturing — 3 attempt(s), clean, 6811+3962 tok
  815 Honing in Creation — 5 attempt(s), clean, 9803+6123 tok
  816 Guidance in Potential — 5 attempt(s), 3 hard flag(s) open, 9618+6087 tok
  817 Guidance in Authority — 4 attempt(s), clean, 8222+5023 tok
  818 Guidance in Will — 5 attempt(s), clean, 9618+5775 tok
  819 Guidance in Culture — 4 attempt(s), clean, 7751+4593 tok
  820 Guidance in Wisdom — 5 attempt(s), 2 hard flag(s) open, 10551+7009 tok
  821 Guidance in Compassion — 5 attempt(s), clean, 9097+5732 tok
  822 Guidance in Faith — 4 attempt(s), clean, 8156+4976 tok
  823 Guidance in Discipline — 5 attempt(s), 2 hard flag(s) open, 9398+5935 tok
  824 Guidance in Fortitude — 5 attempt(s), 1 hard flag(s) open, 10012+6430 tok
  825 Guidance in Equity — 5 attempt(s), clean, 10007+6057 tok
  826 Guidance in Source — 5 attempt(s), clean, 9546+6359 tok
  827 Guidance in Drive — 5 attempt(s), 1 hard flag(s) open, 9963+6649 tok
  828 Guidance in Transformation — 5 attempt(s), 1 hard flag(s) open, 9711+6144 tok
  829 Guidance in Tune — 4 attempt(s), clean, 8116+4949 tok
  830 Guidance in Breakthrough — 3 attempt(s), clean, 6781+3526 tok
  831 Guidance in Abstraction — 5 attempt(s), 1 hard flag(s) open, 8910+5744 tok
  832 Guidance in Imagination — 4 attempt(s), clean, 8466+5177 tok
  833 Guidance in Recognition — 4 attempt(s), clean, 8273+5117 tok
  834 Guidance in Inspiration — 5 attempt(s), 3 hard flag(s) open, 9495+5996 tok
  835 Guidance in Actualization — 5 attempt(s), 1 hard flag(s) open, 9480+6019 tok
  836 Guidance in Creation — 4 attempt(s), clean, 8469+4806 tok
  837 Reconciliation in Potential — 5 attempt(s), clean, 9196+5919 tok
  838 Reconciliation in Will — 5 attempt(s), clean, 9380+5963 tok
  839 Reconciliation in Wisdom — 5 attempt(s), 1 hard flag(s) open, 9671+6267 tok
  840 Reconciliation in Nurturing — 5 attempt(s), clean, 9535+6358 tok
  841 Reconciliation in Culture — 4 attempt(s), clean, 8514+5282 tok
  842 Reconciliation in Authority — 5 attempt(s), clean, 10052+6326 tok
  843 Reconciliation in Drive — 5 attempt(s), clean, 9145+5822 tok
  844 Reconciliation in Compassion — 5 attempt(s), 1 hard flag(s) open, 10056+5927 tok
  845 Reconciliation in Fortitude — 5 attempt(s), 1 hard flag(s) open, 8980+5616 tok
  846 Reconciliation in Discipline — 5 attempt(s), 3 hard flag(s) open, 10247+6466 tok
  847 Reconciliation in Transformation — 5 attempt(s), 1 hard flag(s) open, 9368+6291 tok
  848 Reconciliation in Equity — 5 attempt(s), 2 hard flag(s) open, 10136+6508 tok
  849 Reconciliation in Source — 5 attempt(s), clean, 9317+5882 tok
  850 Reconciliation in Faith — 5 attempt(s), clean, 9581+6533 tok
  851 Reconciliation in Tune — 4 attempt(s), clean, 8010+4981 tok
  852 Reconciliation in Abstraction — 5 attempt(s), clean, 9227+5749 tok
  853 Reconciliation in Breakthrough — 5 attempt(s), 1 hard flag(s) open, 9250+5636 tok
  854 Reconciliation in Inspiration — 4 attempt(s), clean, 7922+4769 tok
  855 Reconciliation in Recognition — 4 attempt(s), clean, 7890+4907 tok
  856 Immersion in Will — 4 attempt(s), clean, 8562+5149 tok
  857 Reconciliation in Imagination — 5 attempt(s), 2 hard flag(s) open, 9801+6430 tok
  858 Reconciliation in Creation — 4 attempt(s), clean, 8076+5123 tok
  859 Reconciliation in Actualization — 5 attempt(s), 2 hard flag(s) open, 10118+6857 tok
  860 Immersion in Potential — 5 attempt(s), 1 hard flag(s) open, 9522+5700 tok
  861 Immersion in Wisdom — 5 attempt(s), clean, 9097+5780 tok
  862 Immersion in Nurturing — 5 attempt(s), 1 hard flag(s) open, 9541+5913 tok
  863 Immersion in Authority — 5 attempt(s), 2 hard flag(s) open, 10363+6607 tok
  864 Immersion in Discipline — 4 attempt(s), clean, 8054+4799 tok
  865 Immersion in Compassion — 5 attempt(s), 2 hard flag(s) open, 9398+5783 tok
  866 Immersion in Drive — 5 attempt(s), clean, 9230+5695 tok
  867 Immersion in Culture — 5 attempt(s), clean, 10027+6601 tok
  868 Immersion in Fortitude — 5 attempt(s), 2 hard flag(s) open, 10087+6167 tok
  869 Immersion in Source — 5 attempt(s), clean, 9746+5957 tok
  870 Immersion in Equity — 5 attempt(s), 3 hard flag(s) open, 9550+5975 tok
  871 Immersion in Tune — 4 attempt(s), clean, 8322+4833 tok
  872 Immersion in Faith — 5 attempt(s), 2 hard flag(s) open, 9323+5454 tok
  873 Immersion in Abstraction — 5 attempt(s), clean, 9426+5973 tok
  874 Immersion in Transformation — 5 attempt(s), clean, 9583+5892 tok
  875 Immersion in Breakthrough — 4 attempt(s), clean, 8437+4905 tok
  876 Immersion in Inspiration — 4 attempt(s), clean, 8523+5233 tok
  877 Immersion in Actualization — 4 attempt(s), clean, 8227+4906 tok
  878 Immersion in Imagination — 5 attempt(s), 1 hard flag(s) open, 9494+5826 tok
  879 Immersion in Recognition — 4 attempt(s), clean, 8016+4761 tok
  880 Discernment in Will — 4 attempt(s), clean, 8331+4956 tok
  881 Immersion in Creation — 5 attempt(s), 1 hard flag(s) open, 9484+5595 tok
  882 Discernment in Potential — 5 attempt(s), 1 hard flag(s) open, 9513+6183 tok
  883 Discernment in Wisdom — 5 attempt(s), 1 hard flag(s) open, 9624+6075 tok
  884 Discernment in Culture — 3 attempt(s), clean, 6505+3651 tok
  885 Discernment in Nurturing — 5 attempt(s), 1 hard flag(s) open, 9900+6333 tok
  886 Discernment in Authority — 5 attempt(s), clean, 9341+5637 tok
  887 Discernment in Compassion — 5 attempt(s), 7 hard flag(s) open, 8407+4489 tok
  888 Discernment in Fortitude — 5 attempt(s), 1 hard flag(s) open, 9246+5613 tok
  889 Discernment in Source — 4 attempt(s), clean, 7703+4274 tok
  890 Discernment in Drive — 5 attempt(s), 1 hard flag(s) open, 9342+5977 tok
  891 Discernment in Discipline — 5 attempt(s), 2 hard flag(s) open, 9570+6063 tok
  892 Discernment in Equity — 5 attempt(s), clean, 9799+6529 tok
  893 Discernment in Faith — 5 attempt(s), clean, 9439+6165 tok
  894 Discernment in Transformation — 5 attempt(s), 1 hard flag(s) open, 9005+5567 tok
  895 Discernment in Tune — 4 attempt(s), clean, 8147+4763 tok
  896 Discernment in Breakthrough — 4 attempt(s), clean, 8619+5179 tok
  897 Discernment in Abstraction — 5 attempt(s), 3 hard flag(s) open, 9397+5753 tok
  898 Discernment in Inspiration — 5 attempt(s), 1 hard flag(s) open, 9334+5795 tok
  899 Discernment in Actualization — 4 attempt(s), clean, 8733+5289 tok
  900 Discernment in Imagination — 5 attempt(s), 3 hard flag(s) open, 9491+6202 tok
  901 Discernment in Recognition — 5 attempt(s), 1 hard flag(s) open, 9622+6050 tok
  902 Clarity in Potential — 4 attempt(s), clean, 8404+5023 tok
  903 Discernment in Creation — 5 attempt(s), 4 hard flag(s) open, 10393+6684 tok
  904 Clarity in Wisdom — 4 attempt(s), clean, 7873+4496 tok
  905 Clarity in Nurturing — 4 attempt(s), clean, 8112+4663 tok
  906 Clarity in Will — 5 attempt(s), clean, 9284+5821 tok
  907 Clarity in Authority — 5 attempt(s), clean, 9911+6256 tok
  908 Clarity in Drive — 5 attempt(s), 1 hard flag(s) open, 9130+5716 tok
  909 Clarity in Culture — 5 attempt(s), 1 hard flag(s) open, 9944+6591 tok
  910 Clarity in Compassion — 5 attempt(s), 1 hard flag(s) open, 9781+6517 tok
  911 Clarity in Fortitude — 5 attempt(s), 2 hard flag(s) open, 10059+6637 tok
  912 Clarity in Discipline — 5 attempt(s), clean, 9157+5897 tok
  913 Clarity in Source — 5 attempt(s), clean, 9124+5896 tok
  914 Clarity in Equity — 5 attempt(s), 1 hard flag(s) open, 9009+5735 tok
  915 Clarity in Faith — 5 attempt(s), 3 hard flag(s) open, 9724+5706 tok
  916 Clarity in Transformation — 5 attempt(s), 1 hard flag(s) open, 9535+6278 tok
  917 Clarity in Breakthrough — 4 attempt(s), clean, 7782+4537 tok
  918 Clarity in Tune — 5 attempt(s), 1 hard flag(s) open, 9884+6352 tok
  919 Clarity in Abstraction — 5 attempt(s), clean, 9664+6391 tok
  920 Clarity in Inspiration — 5 attempt(s), 2 hard flag(s) open, 9592+5839 tok
  921 Clarity in Imagination — 5 attempt(s), 1 hard flag(s) open, 9359+6252 tok
  922 Clarity in Actualization — 5 attempt(s), 1 hard flag(s) open, 8998+5692 tok
  923 Clarity in Recognition — 5 attempt(s), 1 hard flag(s) open, 9520+6084 tok
  924 Receptivity in Potential — 5 attempt(s), 1 hard flag(s) open, 9295+5912 tok
  925 Clarity in Creation — 5 attempt(s), 2 hard flag(s) open, 9742+6414 tok
  926 Receptivity in Will — 5 attempt(s), clean, 9211+5936 tok
  927 Receptivity in Wisdom — 5 attempt(s), 1 hard flag(s) open, 10082+6387 tok
  928 Receptivity in Nurturing — 4 attempt(s), clean, 8598+5422 tok
  929 Receptivity in Authority — 5 attempt(s), 1 hard flag(s) open, 9615+6166 tok
  930 Receptivity in Culture — 5 attempt(s), 2 hard flag(s) open, 10009+6551 tok
  931 Receptivity in Compassion — 5 attempt(s), clean, 9034+5713 tok
  932 Receptivity in Drive — 5 attempt(s), 1 hard flag(s) open, 9165+5514 tok
  933 Receptivity in Discipline — 4 attempt(s), clean, 8017+4783 tok
  934 Receptivity in Fortitude — 5 attempt(s), 2 hard flag(s) open, 9689+6224 tok
  935 Receptivity in Source — 5 attempt(s), 1 hard flag(s) open, 9340+5894 tok
  936 Receptivity in Faith — 4 attempt(s), clean, 8082+4787 tok
  937 Receptivity in Equity — 5 attempt(s), 1 hard flag(s) open, 9763+6077 tok
  938 Receptivity in Breakthrough — 4 attempt(s), clean, 8011+4973 tok
  939 Receptivity in Tune — 5 attempt(s), 1 hard flag(s) open, 9522+6020 tok
  940 Receptivity in Transformation — 5 attempt(s), 4 hard flag(s) open, 9718+6536 tok
  941 Receptivity in Abstraction — 5 attempt(s), 1 hard flag(s) open, 9290+5870 tok
  942 Receptivity in Inspiration — 5 attempt(s), 1 hard flag(s) open, 9699+6455 tok
  943 Receptivity in Imagination — 5 attempt(s), 3 hard flag(s) open, 9377+5579 tok
  944 Receptivity in Actualization — 5 attempt(s), 1 hard flag(s) open, 9267+5703 tok
  945 Receptivity in Recognition — 5 attempt(s), clean, 9058+5300 tok
  946 Receptivity in Creation — 4 attempt(s), clean, 7971+4786 tok
  947 Merge in Will — 4 attempt(s), clean, 8005+4672 tok
  948 Merge in Potential — 5 attempt(s), 2 hard flag(s) open, 9478+6092 tok
  949 Merge in Wisdom — 5 attempt(s), 2 hard flag(s) open, 9878+6373 tok
  950 Merge in Nurturing — 5 attempt(s), 1 hard flag(s) open, 9578+6067 tok
  951 Merge in Culture — 4 attempt(s), clean, 7942+4651 tok
  952 Merge in Authority — 5 attempt(s), clean, 10094+6508 tok
  953 Merge in Compassion — 5 attempt(s), clean, 9764+6233 tok
  954 Merge in Drive — 5 attempt(s), 1 hard flag(s) open, 9154+5682 tok
  955 Merge in Discipline — 4 attempt(s), clean, 7818+4673 tok
  956 Merge in Fortitude — 5 attempt(s), 1 hard flag(s) open, 9547+5966 tok
  957 Merge in Source — 5 attempt(s), 1 hard flag(s) open, 8893+5596 tok
  958 Merge in Transformation — 5 attempt(s), 1 hard flag(s) open, 9092+5623 tok
  959 Merge in Equity — 5 attempt(s), 3 hard flag(s) open, 9609+6397 tok
  960 Merge in Tune — 4 attempt(s), clean, 7888+4953 tok
  961 Merge in Breakthrough — 3 attempt(s), clean, 6837+3783 tok
  962 Merge in Faith — 5 attempt(s), 5 hard flag(s) open, 9939+6614 tok
  963 Merge in Abstraction — 4 attempt(s), clean, 8265+5186 tok
  964 Merge in Inspiration — 5 attempt(s), 1 hard flag(s) open, 9636+6164 tok
  965 Merge in Imagination — 5 attempt(s), clean, 9496+6292 tok
  966 Merge in Recognition — 4 attempt(s), clean, 8346+5183 tok
  967 Merge in Creation — 5 attempt(s), 1 hard flag(s) open, 9366+6086 tok
  968 Celebration in Potential — 5 attempt(s), 2 hard flag(s) open, 9171+5748 tok
  969 Merge in Actualization — 5 attempt(s), clean, 9480+6168 tok
  970 Celebration in Will — 5 attempt(s), 1 hard flag(s) open, 9680+6186 tok
  971 Celebration in Wisdom — 5 attempt(s), 3 hard flag(s) open, 9367+5851 tok
  972 Celebration in Nurturing — 5 attempt(s), 1 hard flag(s) open, 9490+5897 tok
  973 Celebration in Authority — 5 attempt(s), 1 hard flag(s) open, 9992+6740 tok
  974 Celebration in Culture — 4 attempt(s), clean, 8141+4915 tok
  975 Celebration in Drive — 5 attempt(s), 1 hard flag(s) open, 9445+5646 tok
  976 Celebration in Fortitude — 5 attempt(s), clean, 9098+5821 tok
  977 Celebration in Compassion — 5 attempt(s), clean, 9420+6097 tok
  978 Celebration in Discipline — 5 attempt(s), clean, 9456+6216 tok
  979 Celebration in Source — 5 attempt(s), 1 hard flag(s) open, 9435+5857 tok
  980 Celebration in Equity — 5 attempt(s), 1 hard flag(s) open, 9466+6158 tok
  981 Celebration in Faith — 4 attempt(s), clean, 8362+4880 tok
  982 Celebration in Transformation — 5 attempt(s), 1 hard flag(s) open, 9349+6048 tok
  983 Celebration in Abstraction — 4 attempt(s), clean, 7906+4756 tok
  984 Celebration in Imagination — 3 attempt(s), clean, 6561+3450 tok
  985 Celebration in Breakthrough — 5 attempt(s), clean, 9386+5814 tok
  986 Celebration in Inspiration — 5 attempt(s), 2 hard flag(s) open, 9383+6054 tok
  987 Celebration in Creation — 2 attempt(s), clean, 5216+2369 tok
  988 Celebration in Tune — 5 attempt(s), 4 hard flag(s) open, 10654+7231 tok
  989 Celebration in Recognition — 5 attempt(s), clean, 9287+5841 tok
  990 Celebration in Actualization — 5 attempt(s), 5 hard flag(s) open, 9974+6164 tok
  991 Reverie in Potential — 4 attempt(s), clean, 7839+4638 tok
  992 Reverie in Wisdom — 4 attempt(s), clean, 8158+4979 tok
  993 Reverie in Will — 4 attempt(s), clean, 8527+5144 tok
  994 Reverie in Authority — 4 attempt(s), clean, 7470+4289 tok
  995 Reverie in Nurturing — 5 attempt(s), 2 hard flag(s) open, 9444+5762 tok
  996 Reverie in Fortitude — 4 attempt(s), clean, 8000+4545 tok
  997 Reverie in Compassion — 5 attempt(s), 1 hard flag(s) open, 9382+5762 tok
  998 Reverie in Culture — 5 attempt(s), clean, 10272+6665 tok
  999 Reverie in Equity — 3 attempt(s), clean, 6377+3643 tok
  1000 Reverie in Drive — 5 attempt(s), 2 hard flag(s) open, 9668+6448 tok
  1001 Reverie in Discipline — 4 attempt(s), clean, 8048+4821 tok
  1002 Reverie in Source — 5 attempt(s), clean, 9267+6137 tok
  1003 Reverie in Faith — 5 attempt(s), clean, 9233+5836 tok
  1004 Reverie in Abstraction — 4 attempt(s), clean, 7899+4595 tok
  1005 Reverie in Transformation — 5 attempt(s), clean, 9613+6388 tok
  1006 Reverie in Tune — 5 attempt(s), 3 hard flag(s) open, 9616+6128 tok
  1007 Reverie in Breakthrough — 5 attempt(s), clean, 9728+6457 tok
  1008 Reverie in Inspiration — 5 attempt(s), clean, 9758+6104 tok
  1009 Reverie in Imagination — 5 attempt(s), 2 hard flag(s) open, 9645+6180 tok
  1010 Reverie in Actualization — 5 attempt(s), clean, 9580+6117 tok
  1011 Reverie in Creation — 5 attempt(s), 1 hard flag(s) open, 9055+5609 tok
  1012 Conscience in Potential — 3 attempt(s), clean, 6719+3777 tok
  1013 Reverie in Recognition — 5 attempt(s), 1 hard flag(s) open, 9729+6117 tok
  1014 Conscience in Will — 5 attempt(s), 1 hard flag(s) open, 9884+6169 tok
  1015 Conscience in Nurturing — 5 attempt(s), clean, 9666+6214 tok
  1016 Conscience in Wisdom — 5 attempt(s), 2 hard flag(s) open, 9998+6065 tok
  1017 Conscience in Fortitude — 4 attempt(s), clean, 7944+4696 tok
  1018 Conscience in Culture — 5 attempt(s), 4 hard flag(s) open, 9461+5969 tok
  1019 Conscience in Authority — 5 attempt(s), 2 hard flag(s) open, 9407+6148 tok
  1020 Conscience in Drive — 5 attempt(s), 1 hard flag(s) open, 9405+6050 tok
  1021 Conscience in Compassion — 5 attempt(s), 1 hard flag(s) open, 8708+5183 tok
  1022 Conscience in Discipline — 5 attempt(s), 1 hard flag(s) open, 9332+5811 tok
  1023 Conscience in Faith — 3 attempt(s), clean, 7009+3706 tok
  1024 Conscience in Transformation — 3 attempt(s), clean, 6934+3659 tok
  1025 Conscience in Equity — 5 attempt(s), 1 hard flag(s) open, 9310+6104 tok
  1026 Conscience in Source — 5 attempt(s), 3 hard flag(s) open, 9947+6527 tok
  1027 Conscience in Breakthrough — 4 attempt(s), clean, 8062+4851 tok
  1028 Conscience in Tune — 5 attempt(s), 1 hard flag(s) open, 9971+6257 tok
  1029 Conscience in Abstraction — 5 attempt(s), 3 hard flag(s) open, 9681+6086 tok
  1030 Conscience in Inspiration — 5 attempt(s), 2 hard flag(s) open, 9617+5803 tok
  1031 Conscience in Imagination — 5 attempt(s), clean, 10194+6386 tok
  1032 Conscience in Recognition — 5 attempt(s), clean, 9492+5473 tok
  1033 Conscience in Actualization — 5 attempt(s), clean, 9787+6375 tok
  1034 Conscience in Creation — 5 attempt(s), 1 hard flag(s) open, 9468+6087 tok
  1035 Reciprocity in Will — 4 attempt(s), clean, 8872+5088 tok
  1036 Reciprocity in Potential — 5 attempt(s), 2 hard flag(s) open, 9932+6129 tok
  1037 Reciprocity in Wisdom — 5 attempt(s), 6 hard flag(s) open, 10188+6433 tok
  1038 Reciprocity in Compassion — 4 attempt(s), clean, 7805+4833 tok
  1039 Reciprocity in Authority — 5 attempt(s), 4 hard flag(s) open, 9632+6074 tok
  1040 Reciprocity in Nurturing — 5 attempt(s), 1 hard flag(s) open, 10268+7219 tok
  1041 Reciprocity in Drive — 4 attempt(s), clean, 7886+4979 tok
  1042 Reciprocity in Culture — 5 attempt(s), 1 hard flag(s) open, 10219+6572 tok
  1043 Reciprocity in Discipline — 5 attempt(s), clean, 8887+5490 tok
  1044 Reciprocity in Fortitude — 5 attempt(s), 1 hard flag(s) open, 10431+6613 tok
  1045 Reciprocity in Source — 5 attempt(s), clean, 10030+6260 tok
  1046 Reciprocity in Faith — 5 attempt(s), 4 hard flag(s) open, 9210+5815 tok
  1047 Reciprocity in Transformation — 5 attempt(s), 1 hard flag(s) open, 9989+6567 tok
  1048 Reciprocity in Equity — 5 attempt(s), clean, 9593+6388 tok
  1049 Reciprocity in Tune — 5 attempt(s), 2 hard flag(s) open, 9525+5927 tok
  1050 Reciprocity in Breakthrough — 5 attempt(s), 1 hard flag(s) open, 9717+6166 tok
  1051 Reciprocity in Abstraction — 5 attempt(s), 1 hard flag(s) open, 10107+6619 tok
  1052 Reciprocity in Imagination — 5 attempt(s), 1 hard flag(s) open, 9846+6187 tok
  1053 Reciprocity in Inspiration — 5 attempt(s), 6 hard flag(s) open, 10525+6694 tok
  1054 Reciprocity in Actualization — 5 attempt(s), 1 hard flag(s) open, 8996+5811 tok
  1055 Reciprocity in Creation — 5 attempt(s), clean, 9309+6087 tok
  1056 Allure in Will — 4 attempt(s), clean, 8047+4746 tok
  1057 Reciprocity in Recognition — 5 attempt(s), 2 hard flag(s) open, 10041+6519 tok
  1058 Allure in Potential — 5 attempt(s), 2 hard flag(s) open, 9905+6332 tok
  1059 Allure in Wisdom — 5 attempt(s), clean, 10124+6550 tok
  1060 Allure in Nurturing — 4 attempt(s), clean, 8064+4762 tok
  1061 Allure in Culture — 4 attempt(s), clean, 8051+4874 tok
  1062 Allure in Authority — 5 attempt(s), 4 hard flag(s) open, 9654+5575 tok
  1063 Allure in Drive — 5 attempt(s), clean, 8788+5667 tok
  1064 Allure in Compassion — 5 attempt(s), 2 hard flag(s) open, 9621+6106 tok
  1065 Allure in Discipline — 5 attempt(s), 4 hard flag(s) open, 8871+5673 tok
  1066 Allure in Source — 4 attempt(s), clean, 8309+4892 tok
  1067 Allure in Fortitude — 5 attempt(s), 1 hard flag(s) open, 10002+6379 tok
  1068 Allure in Faith — 3 attempt(s), clean, 6928+3839 tok
  1069 Allure in Equity — 5 attempt(s), 2 hard flag(s) open, 10306+6570 tok
  1070 Allure in Transformation — 5 attempt(s), 2 hard flag(s) open, 9446+5981 tok
  1071 Allure in Abstraction — 5 attempt(s), 1 hard flag(s) open, 9360+5805 tok
  1072 Allure in Tune — 5 attempt(s), 1 hard flag(s) open, 9791+5833 tok
  1073 Allure in Imagination — 5 attempt(s), clean, 9258+5831 tok
  1074 Allure in Inspiration — 5 attempt(s), clean, 9192+5855 tok
  1075 Allure in Breakthrough — 5 attempt(s), clean, 9593+5954 tok
  1076 Allure in Creation — 3 attempt(s), clean, 6723+3873 tok
  1077 Allure in Actualization — 5 attempt(s), 1 hard flag(s) open, 9416+5781 tok
  1078 Allure in Recognition — 5 attempt(s), clean, 9192+5673 tok
  1079 Passage in Potential — 4 attempt(s), clean, 8217+5005 tok
  1080 Passage in Will — 5 attempt(s), clean, 9455+5848 tok
  1081 Passage in Culture — 3 attempt(s), clean, 6644+3759 tok
  1082 Passage in Wisdom — 5 attempt(s), 1 hard flag(s) open, 9843+5901 tok
  1083 Passage in Authority — 5 attempt(s), clean, 9511+6195 tok
  1084 Passage in Nurturing — 5 attempt(s), 2 hard flag(s) open, 10272+6828 tok
  1085 Passage in Compassion — 5 attempt(s), 2 hard flag(s) open, 9516+6155 tok
  1086 Passage in Fortitude — 4 attempt(s), clean, 7908+4802 tok
  1087 Passage in Drive — 5 attempt(s), clean, 8660+5239 tok
  1088 Passage in Discipline — 4 attempt(s), clean, 7897+5081 tok
  1089 Passage in Source — 5 attempt(s), 1 hard flag(s) open, 9434+6030 tok
  1090 Passage in Faith — 4 attempt(s), clean, 8695+5652 tok
  1091 Passage in Equity — 5 attempt(s), 1 hard flag(s) open, 9697+6189 tok
  1092 Passage in Transformation — 5 attempt(s), 1 hard flag(s) open, 8988+5774 tok
  1093 Passage in Abstraction — 5 attempt(s), 1 hard flag(s) open, 9862+6328 tok
  1094 Passage in Inspiration — 4 attempt(s), clean, 8106+4799 tok
  1095 Passage in Tune — 5 attempt(s), 2 hard flag(s) open, 9937+6641 tok
  1096 Passage in Breakthrough — 5 attempt(s), clean, 9636+6341 tok
  1097 Passage in Imagination — 5 attempt(s), clean, 8963+5483 tok
  1098 Passage in Recognition — 4 attempt(s), clean, 8071+4819 tok
  1099 Passage in Actualization — 5 attempt(s), 1 hard flag(s) open, 9513+6340 tok
  1100 Passage in Creation — 5 attempt(s), 1 hard flag(s) open, 9153+5879 tok
  1101 Fulfillment in Will — 4 attempt(s), clean, 8599+4835 tok
  1102 Fulfillment in Potential — 5 attempt(s), clean, 9717+5962 tok
  1103 Fulfillment in Wisdom — 5 attempt(s), 3 hard flag(s) open, 10240+6474 tok
  1104 Fulfillment in Nurturing — 5 attempt(s), 5 hard flag(s) open, 9701+5796 tok
  1105 Fulfillment in Authority — 5 attempt(s), 3 hard flag(s) open, 10002+5638 tok
  1106 Fulfillment in Compassion — 4 attempt(s), clean, 8473+5039 tok
  1107 Fulfillment in Fortitude — 3 attempt(s), clean, 6923+3567 tok
  1108 Fulfillment in Culture — 5 attempt(s), 2 hard flag(s) open, 9784+6263 tok
  1109 Fulfillment in Drive — 4 attempt(s), clean, 8360+5109 tok
  1110 Fulfillment in Equity — 3 attempt(s), clean, 7096+4105 tok
  1111 Fulfillment in Discipline — 5 attempt(s), 1 hard flag(s) open, 9772+5866 tok
  1112 Fulfillment in Source — 5 attempt(s), clean, 9427+5753 tok
  1113 Fulfillment in Faith — 5 attempt(s), 1 hard flag(s) open, 9606+5964 tok
  1114 Fulfillment in Abstraction — 5 attempt(s), 1 hard flag(s) open, 9122+5805 tok
  1115 Fulfillment in Transformation — 5 attempt(s), 1 hard flag(s) open, 9982+6646 tok
  1116 Fulfillment in Breakthrough — 5 attempt(s), 1 hard flag(s) open, 9737+6260 tok
  1117 Fulfillment in Tune — 5 attempt(s), 3 hard flag(s) open, 10409+6871 tok
  1118 Fulfillment in Inspiration — 5 attempt(s), clean, 9738+6135 tok
  1119 Fulfillment in Actualization — 5 attempt(s), 1 hard flag(s) open, 10124+6163 tok
  1120 Fulfillment in Imagination — 5 attempt(s), clean, 9859+6247 tok
  1121 Completion in Will — 3 attempt(s), clean, 6782+3631 tok
  1122 Fulfillment in Recognition — 5 attempt(s), 2 hard flag(s) open, 9455+5558 tok
  1123 Completion in Potential — 5 attempt(s), 1 hard flag(s) open, 9351+6203 tok
  1124 Fulfillment in Creation — 5 attempt(s), 1 hard flag(s) open, 9787+6131 tok
  1125 Completion in Wisdom — 4 attempt(s), clean, 8319+5159 tok
  1126 Completion in Nurturing — 4 attempt(s), clean, 7657+4562 tok
  1127 Completion in Culture — 3 attempt(s), clean, 7109+3980 tok
  1128 Completion in Compassion — 4 attempt(s), clean, 8148+4944 tok
  1129 Completion in Authority — 5 attempt(s), 2 hard flag(s) open, 9772+6192 tok
  1130 Completion in Fortitude — 5 attempt(s), clean, 8938+5600 tok
  1131 Completion in Drive — 5 attempt(s), 1 hard flag(s) open, 9366+5798 tok
  1132 Completion in Equity — 4 attempt(s), clean, 7847+4633 tok
  1133 Completion in Source — 5 attempt(s), clean, 8844+5588 tok
  1134 Completion in Discipline — 5 attempt(s), clean, 9870+6140 tok
  1135 Completion in Faith — 5 attempt(s), 1 hard flag(s) open, 10118+6553 tok
  1136 Completion in Inspiration — 4 attempt(s), clean, 8223+4960 tok
  1137 Completion in Transformation — 5 attempt(s), clean, 10628+7341 tok
  1138 Completion in Abstraction — 5 attempt(s), 3 hard flag(s) open, 9414+5877 tok
  1139 Completion in Breakthrough — 5 attempt(s), clean, 9380+5986 tok
  1140 Completion in Imagination — 5 attempt(s), clean, 9183+5997 tok
  1141 Completion in Tune — 5 attempt(s), clean, 9912+6448 tok
  1142 Completion in Actualization — 5 attempt(s), 2 hard flag(s) open, 9439+5957 tok
  1143 Completion in Recognition — 3 attempt(s), clean, 6750+3747 tok
  1144 Definition in Wisdom — 4 attempt(s), clean, 8169+4638 tok
  1145 Definition in Potential — 5 attempt(s), 5 hard flag(s) open, 9830+5954 tok
  1146 Completion in Creation — 5 attempt(s), 1 hard flag(s) open, 9827+6365 tok
  1147 Definition in Nurturing — 5 attempt(s), 1 hard flag(s) open, 9471+6135 tok
  1148 Definition in Will — 5 attempt(s), 1 hard flag(s) open, 9568+6183 tok
  1149 Definition in Authority — 5 attempt(s), 2 hard flag(s) open, 9322+6353 tok
  1150 Definition in Compassion — 3 attempt(s), clean, 6600+3600 tok
  1151 Definition in Culture — 5 attempt(s), 1 hard flag(s) open, 9310+5987 tok
  1152 Definition in Discipline — 3 attempt(s), clean, 6697+3443 tok
  1153 Definition in Source — 4 attempt(s), clean, 8116+4856 tok
  1154 Definition in Drive — 5 attempt(s), 1 hard flag(s) open, 9564+6114 tok
  1155 Definition in Fortitude — 5 attempt(s), 4 hard flag(s) open, 10006+6133 tok
  1156 Definition in Faith — 5 attempt(s), 3 hard flag(s) open, 9791+5956 tok
  1157 Definition in Equity — 5 attempt(s), 1 hard flag(s) open, 9263+6035 tok
  1158 Definition in Transformation — 5 attempt(s), 3 hard flag(s) open, 9733+6140 tok
  1159 Definition in Tune — 5 attempt(s), 2 hard flag(s) open, 10215+6411 tok
  1160 Definition in Abstraction — 4 attempt(s), clean, 8222+4900 tok
  1161 Definition in Inspiration — 4 attempt(s), clean, 7971+4726 tok
  1162 Definition in Actualization — 3 attempt(s), clean, 6807+3961 tok
  1163 Definition in Imagination — 4 attempt(s), clean, 8172+4772 tok
  1164 Definition in Recognition — 4 attempt(s), clean, 8193+4848 tok
  1165 Definition in Breakthrough — 5 attempt(s), clean, 10119+6572 tok
  1166 Definition in Creation — 5 attempt(s), clean, 8695+5330 tok
  1167 Stewardship in Potential — 4 attempt(s), clean, 8250+5224 tok
  1168 Stewardship in Will — 5 attempt(s), 2 hard flag(s) open, 9899+5818 tok
  1169 Stewardship in Nurturing — 4 attempt(s), clean, 8197+4525 tok
  1170 Stewardship in Authority — 4 attempt(s), clean, 7940+4642 tok
  1171 Stewardship in Wisdom — 5 attempt(s), clean, 9637+5904 tok
  1172 Stewardship in Drive — 4 attempt(s), clean, 8401+4917 tok
  1173 Stewardship in Culture — 5 attempt(s), 1 hard flag(s) open, 9640+6501 tok
  1174 Stewardship in Compassion — 5 attempt(s), clean, 10426+6527 tok
  1175 Stewardship in Discipline — 3 attempt(s), clean, 6961+3950 tok
  1176 Stewardship in Fortitude — 5 attempt(s), clean, 9792+5807 tok
  1177 Stewardship in Source — 4 attempt(s), clean, 8207+5001 tok
  1178 Stewardship in Transformation — 4 attempt(s), clean, 8107+4763 tok
  1179 Stewardship in Equity — 5 attempt(s), 1 hard flag(s) open, 10343+6512 tok
  1180 Stewardship in Faith — 5 attempt(s), clean, 9863+6260 tok
  1181 Stewardship in Breakthrough — 5 attempt(s), 2 hard flag(s) open, 9565+5650 tok
  1182 Stewardship in Tune — 5 attempt(s), clean, 10567+6863 tok
  1183 Stewardship in Abstraction — 5 attempt(s), 1 hard flag(s) open, 10525+6682 tok
  1184 Stewardship in Imagination — 4 attempt(s), clean, 8425+5179 tok
  1185 Stewardship in Inspiration — 5 attempt(s), clean, 9502+5591 tok
  1186 Stewardship in Actualization — 4 attempt(s), clean, 8230+4830 tok
  1187 Stewardship in Recognition — 5 attempt(s), 1 hard flag(s) open, 9583+6048 tok
  1188 Stewardship in Creation — 5 attempt(s), clean, 9815+5925 tok
  1189 Formation in Will — 5 attempt(s), clean, 9702+5899 tok
  1190 Formation in Potential — 5 attempt(s), clean, 9348+5893 tok
  1191 Formation in Authority — 4 attempt(s), clean, 7800+4554 tok
  1192 Formation in Wisdom — 5 attempt(s), clean, 9114+5659 tok
  1193 Formation in Nurturing — 5 attempt(s), 1 hard flag(s) open, 9725+6405 tok
  1194 Formation in Culture — 5 attempt(s), 2 hard flag(s) open, 9506+5960 tok
  1195 Formation in Drive — 5 attempt(s), 1 hard flag(s) open, 9148+5933 tok
  1196 Formation in Compassion — 5 attempt(s), clean, 9456+6100 tok
  1197 Formation in Fortitude — 5 attempt(s), 5 hard flag(s) open, 10113+5800 tok
  1198 Formation in Equity — 5 attempt(s), 1 hard flag(s) open, 9299+5587 tok
  1199 Formation in Source — 5 attempt(s), clean, 9612+6121 tok
  1200 Formation in Discipline — 5 attempt(s), 3 hard flag(s) open, 10095+6553 tok
  1201 Formation in Transformation — 4 attempt(s), clean, 7805+4533 tok
  1202 Formation in Faith — 5 attempt(s), 2 hard flag(s) open, 9415+6188 tok
  1203 Formation in Abstraction — 5 attempt(s), 2 hard flag(s) open, 9200+5787 tok
  1204 Formation in Tune — 5 attempt(s), clean, 9399+6102 tok
  1205 Formation in Breakthrough — 4 attempt(s), clean, 8332+5097 tok
  1206 Formation in Inspiration — 4 attempt(s), clean, 7982+4696 tok
  1207 Formation in Creation — 3 attempt(s), clean, 6765+3603 tok
  1208 Formation in Recognition — 5 attempt(s), clean, 9066+5668 tok
  1209 Formation in Imagination — 5 attempt(s), 1 hard flag(s) open, 9714+6606 tok
  1210 Formation in Actualization — 5 attempt(s), clean, 9559+6386 tok
  1211 Preservation in Wisdom — 3 attempt(s), clean, 6519+3599 tok
  1212 Preservation in Will — 4 attempt(s), clean, 7983+4579 tok
  1213 Preservation in Potential — 5 attempt(s), clean, 9208+5836 tok
  1214 Preservation in Nurturing — 4 attempt(s), clean, 7815+4947 tok
  1215 Preservation in Authority — 5 attempt(s), 4 hard flag(s) open, 9214+5753 tok
  1216 Preservation in Culture — 4 attempt(s), clean, 8625+5524 tok
  1217 Preservation in Compassion — 5 attempt(s), 1 hard flag(s) open, 9325+6032 tok
  1218 Preservation in Drive — 5 attempt(s), clean, 9654+6420 tok
  1219 Preservation in Fortitude — 5 attempt(s), clean, 9615+5762 tok
  1220 Preservation in Source — 4 attempt(s), clean, 7914+4750 tok
  1221 Preservation in Discipline — 5 attempt(s), 1 hard flag(s) open, 9428+5967 tok
  1222 Preservation in Equity — 4 attempt(s), clean, 8513+5483 tok
  1223 Preservation in Faith — 4 attempt(s), clean, 8076+4752 tok
  1224 Preservation in Tune — 4 attempt(s), clean, 8138+4765 tok
  1225 Preservation in Transformation — 5 attempt(s), 3 hard flag(s) open, 10409+6757 tok
  1226 Preservation in Breakthrough — 5 attempt(s), clean, 8846+5354 tok
  1227 Preservation in Abstraction — 5 attempt(s), clean, 9645+6368 tok
  1228 Preservation in Inspiration — 5 attempt(s), clean, 9469+6155 tok
  1229 Preservation in Imagination — 5 attempt(s), clean, 9168+5680 tok
  1230 Preservation in Actualization — 5 attempt(s), clean, 9506+6150 tok
  1231 Preservation in Recognition — 5 attempt(s), clean, 9245+5801 tok
  1232 Preservation in Creation — 4 attempt(s), clean, 7880+4812 tok
  1233 Steadfastness in Authority — 3 attempt(s), clean, 6592+3391 tok
  1234 Steadfastness in Will — 5 attempt(s), 2 hard flag(s) open, 9926+6012 tok
  1235 Steadfastness in Potential — 5 attempt(s), clean, 9941+6239 tok
  1236 Steadfastness in Nurturing — 5 attempt(s), 1 hard flag(s) open, 9626+6006 tok
  1237 Steadfastness in Wisdom — 5 attempt(s), 1 hard flag(s) open, 10325+6666 tok
  1238 Steadfastness in Culture — 5 attempt(s), 1 hard flag(s) open, 10099+6478 tok
  1239 Steadfastness in Source — 3 attempt(s), clean, 6597+3482 tok
  1240 Steadfastness in Drive — 5 attempt(s), 1 hard flag(s) open, 9685+6381 tok
  1241 Steadfastness in Compassion — 5 attempt(s), 3 hard flag(s) open, 10986+6822 tok
  1242 Steadfastness in Fortitude — 4 attempt(s), clean, 8507+5130 tok
  1243 Steadfastness in Discipline — 5 attempt(s), clean, 9205+5792 tok
  1244 Steadfastness in Equity — 5 attempt(s), 1 hard flag(s) open, 9301+6038 tok
  1245 Steadfastness in Transformation — 3 attempt(s), clean, 6641+3458 tok
  1246 Steadfastness in Faith — 5 attempt(s), clean, 9645+6346 tok
  1247 Steadfastness in Tune — 5 attempt(s), clean, 9433+5809 tok
  1248 Steadfastness in Abstraction — 5 attempt(s), 1 hard flag(s) open, 9609+6145 tok
  1249 Steadfastness in Imagination — 4 attempt(s), clean, 7704+4609 tok
  1250 Steadfastness in Recognition — 3 attempt(s), clean, 6486+3397 tok
  1251 Steadfastness in Inspiration — 5 attempt(s), 2 hard flag(s) open, 9684+5655 tok
  1252 Steadfastness in Breakthrough — 5 attempt(s), 1 hard flag(s) open, 9982+6474 tok
  1253 Steadfastness in Actualization — 5 attempt(s), 1 hard flag(s) open, 9678+6468 tok
  1254 Steadfastness in Creation — 5 attempt(s), clean, 9219+5619 tok
  1255 Support in Potential — 4 attempt(s), clean, 8098+4849 tok
  1256 Support in Culture — 3 attempt(s), clean, 6504+3490 tok
  1257 Support in Will — 5 attempt(s), clean, 9424+5990 tok
  1258 Support in Wisdom — 5 attempt(s), 2 hard flag(s) open, 9693+6005 tok
  1259 Support in Authority — 4 attempt(s), clean, 8396+5472 tok
  1260 Support in Compassion — 4 attempt(s), clean, 8334+5026 tok
  1261 Support in Nurturing — 5 attempt(s), 2 hard flag(s) open, 9731+6719 tok
  1262 Support in Drive — 5 attempt(s), 1 hard flag(s) open, 8917+5292 tok
  1263 Support in Fortitude — 4 attempt(s), clean, 8522+5106 tok
  1264 Support in Discipline — 5 attempt(s), 2 hard flag(s) open, 9499+5842 tok
  1265 Support in Source — 5 attempt(s), 1 hard flag(s) open, 9036+5413 tok
  1266 Support in Transformation — 5 attempt(s), clean, 9301+5751 tok
  1267 Support in Equity — 5 attempt(s), clean, 9605+6191 tok
  1268 Support in Tune — 5 attempt(s), 1 hard flag(s) open, 9656+6464 tok
  1269 Support in Abstraction — 4 attempt(s), clean, 8087+4888 tok
  1270 Support in Faith — 5 attempt(s), 3 hard flag(s) open, 10081+6803 tok
  1271 Support in Breakthrough — 4 attempt(s), clean, 7989+4579 tok
  1272 Support in Inspiration — 5 attempt(s), 3 hard flag(s) open, 9787+5923 tok
  1273 Support in Imagination — 5 attempt(s), clean, 9119+5781 tok
  1274 Support in Actualization — 4 attempt(s), clean, 8185+4685 tok
  1275 Harvest in Wisdom — 3 attempt(s), clean, 6782+3580 tok
  1276 Support in Creation — 5 attempt(s), clean, 9611+6153 tok
  1277 Harvest in Potential — 5 attempt(s), 6 hard flag(s) open, 9557+6010 tok
  1278 Harvest in Will — 5 attempt(s), 2 hard flag(s) open, 9442+5937 tok
  1279 Support in Recognition — 5 attempt(s), 2 hard flag(s) open, 10252+6922 tok
  1280 Harvest in Authority — 5 attempt(s), 1 hard flag(s) open, 9109+5693 tok
  1281 Harvest in Culture — 4 attempt(s), clean, 7984+4786 tok
  1282 Harvest in Nurturing — 5 attempt(s), 2 hard flag(s) open, 9766+6588 tok
  1283 Harvest in Compassion — 5 attempt(s), 3 hard flag(s) open, 9903+6372 tok
  1284 Harvest in Source — 4 attempt(s), clean, 8444+5173 tok
  1285 Harvest in Fortitude — 5 attempt(s), clean, 9841+6540 tok
  1286 Harvest in Drive — 5 attempt(s), clean, 10031+6935 tok
  1287 Harvest in Discipline — 5 attempt(s), 2 hard flag(s) open, 9874+6040 tok
  1288 Harvest in Faith — 4 attempt(s), clean, 7845+4802 tok
  1289 Harvest in Transformation — 4 attempt(s), clean, 7671+4254 tok
  1290 Harvest in Equity — 5 attempt(s), clean, 9766+6154 tok
  1291 Harvest in Abstraction — 3 attempt(s), clean, 6702+3850 tok
  1292 Harvest in Tune — 5 attempt(s), clean, 9261+5788 tok
  1293 Harvest in Breakthrough — 5 attempt(s), 1 hard flag(s) open, 9542+6072 tok
  1294 Harvest in Actualization — 3 attempt(s), clean, 6772+3953 tok
  1295 Harvest in Inspiration — 5 attempt(s), clean, 9543+5884 tok
  1296 Harvest in Imagination — 5 attempt(s), 3 hard flag(s) open, 9802+5854 tok
  1297 Commitment in Potential — 3 attempt(s), clean, 6664+3456 tok
  1298 Harvest in Recognition — 5 attempt(s), 4 hard flag(s) open, 9174+5966 tok
  1299 Harvest in Creation — 5 attempt(s), clean, 9762+5989 tok
  1300 Commitment in Will — 5 attempt(s), 3 hard flag(s) open, 9316+5845 tok
  1301 Commitment in Wisdom — 5 attempt(s), clean, 9780+6026 tok
  1302 Commitment in Culture — 4 attempt(s), clean, 8439+5256 tok
  1303 Commitment in Nurturing — 5 attempt(s), 1 hard flag(s) open, 9988+6359 tok
  1304 Commitment in Compassion — 4 attempt(s), clean, 8485+5095 tok
  1305 Commitment in Authority — 5 attempt(s), 5 hard flag(s) open, 10937+6843 tok
  1306 Commitment in Drive — 5 attempt(s), 1 hard flag(s) open, 9022+5681 tok
  1307 Commitment in Fortitude — 5 attempt(s), 2 hard flag(s) open, 9477+5841 tok
  1308 Commitment in Discipline — 5 attempt(s), clean, 9235+5649 tok
  1309 Commitment in Transformation — 4 attempt(s), clean, 8204+4686 tok
  1310 Commitment in Source — 5 attempt(s), 2 hard flag(s) open, 9959+6527 tok
  1311 Commitment in Equity — 5 attempt(s), 1 hard flag(s) open, 9267+5671 tok
  1312 Commitment in Tune — 5 attempt(s), clean, 9267+5943 tok
  1313 Commitment in Faith — 5 attempt(s), 1 hard flag(s) open, 10642+7095 tok
  1314 Commitment in Abstraction — 5 attempt(s), 1 hard flag(s) open, 9799+6145 tok
  1315 Commitment in Inspiration — 5 attempt(s), clean, 9410+5726 tok
  1316 Commitment in Imagination — 4 attempt(s), clean, 7979+4719 tok
  1317 Commitment in Recognition — 3 attempt(s), clean, 6891+3871 tok
  1318 Commitment in Breakthrough — 5 attempt(s), 1 hard flag(s) open, 10179+6709 tok
  1319 Commitment in Actualization — 5 attempt(s), 2 hard flag(s) open, 9871+6240 tok
  1320 Commitment in Creation — 5 attempt(s), 1 hard flag(s) open, 10374+6798 tok
  1321 Flourishing in Potential — 5 attempt(s), 1 hard flag(s) open, 10103+6651 tok
  1322 Flourishing in Will — 5 attempt(s), 2 hard flag(s) open, 9302+5856 tok
  1323 Flourishing in Nurturing — 5 attempt(s), clean, 9334+5855 tok
  1324 Flourishing in Culture — 5 attempt(s), clean, 9848+6376 tok
  1325 Flourishing in Authority — 5 attempt(s), 1 hard flag(s) open, 9158+5760 tok
  1326 Flourishing in Wisdom — 5 attempt(s), clean, 10144+6577 tok
  1327 Flourishing in Compassion — 3 attempt(s), clean, 6827+3935 tok
  1328 Flourishing in Discipline — 4 attempt(s), clean, 7818+5010 tok
  1329 Flourishing in Drive — 5 attempt(s), clean, 9736+6664 tok
  1330 Flourishing in Fortitude — 5 attempt(s), 4 hard flag(s) open, 9798+5787 tok
  1331 Flourishing in Source — 5 attempt(s), 1 hard flag(s) open, 9002+5566 tok
  1332 Flourishing in Tune — 4 attempt(s), clean, 8268+5167 tok
  1333 Flourishing in Equity — 5 attempt(s), 1 hard flag(s) open, 9931+6612 tok
  1334 Flourishing in Faith — 5 attempt(s), 1 hard flag(s) open, 9921+6493 tok
  1335 Flourishing in Transformation — 5 attempt(s), clean, 9205+5927 tok
  1336 Flourishing in Abstraction — 5 attempt(s), 4 hard flag(s) open, 9420+5767 tok
  1337 Flourishing in Breakthrough — 4 attempt(s), clean, 8466+4934 tok
  1338 Flourishing in Imagination — 4 attempt(s), clean, 8406+5364 tok
  1339 Flourishing in Inspiration — 5 attempt(s), 1 hard flag(s) open, 10018+6509 tok
  1340 Flourishing in Actualization — 5 attempt(s), clean, 9181+6130 tok
  1341 Flourishing in Recognition — 5 attempt(s), clean, 8928+5731 tok
  1342 Achievement in Potential — 5 attempt(s), 1 hard flag(s) open, 10219+6480 tok
  1343 Flourishing in Creation — 5 attempt(s), 3 hard flag(s) open, 9512+6103 tok
  1344 Achievement in Will — 5 attempt(s), clean, 9495+5735 tok
  1345 Achievement in Wisdom — 5 attempt(s), 6 hard flag(s) open, 9727+5601 tok
  1346 Achievement in Authority — 4 attempt(s), clean, 7980+4807 tok
  1347 Achievement in Culture — 4 attempt(s), clean, 8698+5262 tok
  1348 Achievement in Nurturing — 5 attempt(s), 1 hard flag(s) open, 9921+6468 tok
  1349 Achievement in Drive — 4 attempt(s), clean, 8001+4638 tok
  1350 Achievement in Compassion — 5 attempt(s), clean, 9731+6242 tok
  1351 Achievement in Fortitude — 5 attempt(s), 1 hard flag(s) open, 9329+5879 tok
  1352 Achievement in Discipline — 5 attempt(s), clean, 9557+6205 tok
  1353 Achievement in Source — 5 attempt(s), 9 hard flag(s) open, 9250+5398 tok
  1354 Achievement in Equity — 5 attempt(s), clean, 10719+7003 tok
  1355 Achievement in Tune — 4 attempt(s), clean, 8203+5125 tok
  1356 Achievement in Faith — 5 attempt(s), 3 hard flag(s) open, 9854+6229 tok
  1357 Achievement in Abstraction — 4 attempt(s), clean, 8378+5185 tok
  1358 Achievement in Transformation — 5 attempt(s), 1 hard flag(s) open, 10115+6321 tok
  1359 Achievement in Breakthrough — 5 attempt(s), clean, 10285+7187 tok
  1360 Achievement in Imagination — 4 attempt(s), clean, 8203+4940 tok
  1361 Achievement in Inspiration — 5 attempt(s), 1 hard flag(s) open, 10176+6719 tok
  1362 Achievement in Recognition — 4 attempt(s), clean, 7896+4896 tok
  1363 Achievement in Actualization — 5 attempt(s), clean, 10096+6665 tok
  1364 Initiate of Intent in Will — 4 attempt(s), clean, 8325+5169 tok
  1365 Initiate of Intent in Potential — 5 attempt(s), 1 hard flag(s) open, 9062+5568 tok
  1366 Achievement in Creation — 5 attempt(s), 1 hard flag(s) open, 9697+6286 tok
  1367 Initiate of Intent in Authority — 3 attempt(s), clean, 6957+3720 tok
  1368 Initiate of Intent in Wisdom — 5 attempt(s), clean, 9898+5996 tok
  1369 Initiate of Intent in Nurturing — 5 attempt(s), clean, 9070+5960 tok
  1370 Initiate of Intent in Culture — 4 attempt(s), clean, 8241+4841 tok
  1371 Initiate of Intent in Compassion — 4 attempt(s), clean, 7948+4699 tok
  1372 Initiate of Intent in Drive — 5 attempt(s), 1 hard flag(s) open, 9573+6133 tok
  1373 Initiate of Intent in Fortitude — 5 attempt(s), clean, 9003+5617 tok
  1374 Initiate of Intent in Faith — 2 attempt(s), clean, 5246+2429 tok
  1375 Initiate of Intent in Discipline — 5 attempt(s), clean, 9663+6141 tok
  1376 Initiate of Intent in Equity — 3 attempt(s), clean, 6686+3615 tok
  1377 Initiate of Intent in Source — 5 attempt(s), clean, 9088+5619 tok
  1378 Initiate of Intent in Tune — 5 attempt(s), clean, 9170+5945 tok
  1379 Initiate of Intent in Transformation — 5 attempt(s), 2 hard flag(s) open, 10133+6666 tok
  1380 Initiate of Intent in Abstraction — 4 attempt(s), clean, 8483+5128 tok
  1381 Initiate of Intent in Imagination — 4 attempt(s), clean, 7825+4671 tok
  1382 Initiate of Intent in Breakthrough — 5 attempt(s), 1 hard flag(s) open, 9277+5611 tok
  1383 Initiate of Intent in Inspiration — 5 attempt(s), clean, 9638+5958 tok
  1384 Initiate of Intent in Actualization — 5 attempt(s), 1 hard flag(s) open, 8938+5424 tok
  1385 Initiate of Intent in Recognition — 4 attempt(s), clean, 8430+5005 tok
  1386 Catalyst of Intent in Will — 3 attempt(s), clean, 6680+3497 tok
  1387 Catalyst of Intent in Potential — 4 attempt(s), clean, 7959+4716 tok
  1388 Initiate of Intent in Creation — 5 attempt(s), 1 hard flag(s) open, 9256+5755 tok
  1389 Catalyst of Intent in Nurturing — 4 attempt(s), clean, 8317+5214 tok
  1390 Catalyst of Intent in Culture — 4 attempt(s), clean, 7858+4816 tok
  1391 Catalyst of Intent in Authority — 5 attempt(s), 2 hard flag(s) open, 8892+5537 tok
  1392 Catalyst of Intent in Compassion — 4 attempt(s), clean, 7859+4804 tok
  1393 Catalyst of Intent in Wisdom — 5 attempt(s), clean, 9774+6429 tok
  1394 Catalyst of Intent in Drive — 4 attempt(s), clean, 7966+4749 tok
  1395 Catalyst of Intent in Fortitude — 4 attempt(s), clean, 7988+4555 tok
  1396 Catalyst of Intent in Discipline — 5 attempt(s), 1 hard flag(s) open, 9645+6494 tok
  1397 Catalyst of Intent in Equity — 5 attempt(s), clean, 9116+6123 tok
  1398 Catalyst of Intent in Source — 5 attempt(s), 4 hard flag(s) open, 9551+5969 tok
  1399 Catalyst of Intent in Faith — 5 attempt(s), 1 hard flag(s) open, 9442+6159 tok
  1400 Catalyst of Intent in Transformation — 5 attempt(s), clean, 9660+6047 tok
  1401 Catalyst of Intent in Tune — 5 attempt(s), 5 hard flag(s) open, 9385+5504 tok
  1402 Catalyst of Intent in Abstraction — 5 attempt(s), 1 hard flag(s) open, 9825+6222 tok
  1403 Catalyst of Intent in Inspiration — 4 attempt(s), clean, 8150+5046 tok
  1404 Catalyst of Intent in Breakthrough — 5 attempt(s), 1 hard flag(s) open, 10083+6649 tok
  1405 Catalyst of Intent in Imagination — 5 attempt(s), 3 hard flag(s) open, 9059+5637 tok
  1406 Steward of Intent in Potential — 4 attempt(s), clean, 8265+4815 tok
  1407 Catalyst of Intent in Creation — 5 attempt(s), clean, 8859+5352 tok
  1408 Catalyst of Intent in Recognition — 5 attempt(s), 1 hard flag(s) open, 9895+6191 tok
  1409 Catalyst of Intent in Actualization — 5 attempt(s), 1 hard flag(s) open, 9660+6415 tok
  1410 Steward of Intent in Will — 5 attempt(s), clean, 9445+6174 tok
  1411 Steward of Intent in Nurturing — 5 attempt(s), clean, 9134+5731 tok
  1412 Steward of Intent in Wisdom — 5 attempt(s), 1 hard flag(s) open, 9919+6200 tok
  1413 Steward of Intent in Culture — 4 attempt(s), clean, 8107+4977 tok
  1414 Steward of Intent in Compassion — 5 attempt(s), 1 hard flag(s) open, 8965+5505 tok
  1415 Steward of Intent in Authority — 5 attempt(s), 1 hard flag(s) open, 9262+5707 tok
  1416 Steward of Intent in Drive — 5 attempt(s), 8 hard flag(s) open, 9348+5582 tok
  1417 Steward of Intent in Fortitude — 5 attempt(s), 1 hard flag(s) open, 9271+6087 tok
  1418 Steward of Intent in Equity — 4 attempt(s), clean, 7968+4976 tok
  1419 Steward of Intent in Source — 5 attempt(s), clean, 8965+5620 tok
  1420 Steward of Intent in Discipline — 5 attempt(s), 1 hard flag(s) open, 10840+7377 tok
  1421 Steward of Intent in Faith — 5 attempt(s), clean, 9797+6372 tok
  1422 Steward of Intent in Abstraction — 3 attempt(s), clean, 6554+3454 tok
  1423 Steward of Intent in Transformation — 5 attempt(s), clean, 9211+5716 tok
  1424 Steward of Intent in Tune — 5 attempt(s), clean, 9314+6164 tok
  1425 Steward of Intent in Breakthrough — 5 attempt(s), 1 hard flag(s) open, 9568+6175 tok
  1426 Steward of Intent in Recognition — 4 attempt(s), clean, 7924+4558 tok
  1427 Steward of Intent in Inspiration — 5 attempt(s), 3 hard flag(s) open, 9287+5781 tok
  1428 Steward of Intent in Actualization — 5 attempt(s), clean, 9344+5961 tok
  1429 Steward of Intent in Imagination — 5 attempt(s), 3 hard flag(s) open, 9288+5757 tok
  1430 Executor of Intent in Will — 4 attempt(s), clean, 8155+4570 tok
  1431 Steward of Intent in Creation — 5 attempt(s), 1 hard flag(s) open, 9915+6467 tok
  1432 Executor of Intent in Potential — 5 attempt(s), 1 hard flag(s) open, 9731+5900 tok
  1433 Executor of Intent in Wisdom — 5 attempt(s), 2 hard flag(s) open, 10119+6577 tok
  1434 Executor of Intent in Nurturing — 5 attempt(s), 1 hard flag(s) open, 9927+6349 tok
  1435 Executor of Intent in Compassion — 4 attempt(s), clean, 8399+5089 tok
  1436 Executor of Intent in Drive — 4 attempt(s), clean, 8284+4869 tok
  1437 Executor of Intent in Discipline — 4 attempt(s), clean, 8124+4914 tok
  1438 Executor of Intent in Authority — 5 attempt(s), 1 hard flag(s) open, 10120+6637 tok
  1439 Executor of Intent in Culture — 5 attempt(s), 2 hard flag(s) open, 10155+6598 tok
  1440 Executor of Intent in Fortitude — 5 attempt(s), 3 hard flag(s) open, 10894+6996 tok
  1441 Executor of Intent in Source — 5 attempt(s), clean, 9224+5800 tok
  1442 Executor of Intent in Equity — 4 attempt(s), clean, 8163+4748 tok
  1443 Executor of Intent in Tune — 4 attempt(s), clean, 8339+4906 tok
  1444 Executor of Intent in Faith — 5 attempt(s), 1 hard flag(s) open, 9678+6035 tok
  1445 Executor of Intent in Abstraction — 4 attempt(s), clean, 8416+5249 tok
  1446 Executor of Intent in Breakthrough — 4 attempt(s), clean, 8269+4857 tok
  1447 Executor of Intent in Transformation — 5 attempt(s), 1 hard flag(s) open, 9658+6287 tok
  1448 Executor of Intent in Inspiration — 4 attempt(s), clean, 8354+4858 tok
  1449 Executor of Intent in Imagination — 5 attempt(s), clean, 9310+5462 tok
  1450 Executor of Intent in Creation — 4 attempt(s), clean, 8120+4960 tok
  1451 Executor of Intent in Recognition — 5 attempt(s), clean, 9969+6786 tok
  1452 Initiate of Cognition in Will — 4 attempt(s), clean, 8246+4870 tok
  1453 Initiate of Cognition in Potential — 5 attempt(s), 1 hard flag(s) open, 9681+6119 tok
  1454 Executor of Intent in Actualization — 5 attempt(s), 1 hard flag(s) open, 10559+7018 tok
  1455 Initiate of Cognition in Wisdom — 5 attempt(s), clean, 9871+6308 tok
  1456 Initiate of Cognition in Nurturing — 5 attempt(s), 1 hard flag(s) open, 9522+5976 tok
  1457 Initiate of Cognition in Authority — 4 attempt(s), clean, 7910+4483 tok
  1458 Initiate of Cognition in Drive — 3 attempt(s), clean, 6714+3754 tok
  1459 Initiate of Cognition in Culture — 5 attempt(s), 1 hard flag(s) open, 9349+6207 tok
  1460 Initiate of Cognition in Compassion — 5 attempt(s), clean, 9146+5952 tok
  1461 Initiate of Cognition in Fortitude — 5 attempt(s), 1 hard flag(s) open, 9334+6108 tok
  1462 Initiate of Cognition in Equity — 4 attempt(s), clean, 7961+4979 tok
  1463 Initiate of Cognition in Source — 5 attempt(s), 2 hard flag(s) open, 9848+5459 tok
  1464 Initiate of Cognition in Discipline — 5 attempt(s), clean, 9340+5889 tok
  1465 Initiate of Cognition in Faith — 5 attempt(s), clean, 9056+5773 tok
  1466 Initiate of Cognition in Transformation — 5 attempt(s), clean, 9652+6380 tok
  1467 Initiate of Cognition in Tune — 4 attempt(s), clean, 7921+4437 tok
  1468 Initiate of Cognition in Inspiration — 4 attempt(s), clean, 8316+4909 tok
  1469 Initiate of Cognition in Breakthrough — 4 attempt(s), clean, 8359+4543 tok
  1470 Initiate of Cognition in Abstraction — 5 attempt(s), 2 hard flag(s) open, 9450+5750 tok
  1471 Initiate of Cognition in Actualization — 5 attempt(s), 1 hard flag(s) open, 9140+5565 tok
  1472 Initiate of Cognition in Recognition — 4 attempt(s), clean, 7999+4453 tok
  1473 Initiate of Cognition in Imagination — 5 attempt(s), clean, 9559+6225 tok
  1474 Initiate of Cognition in Creation — 5 attempt(s), 2 hard flag(s) open, 8642+5215 tok
  1475 Catalyst of Cognition in Potential — 5 attempt(s), 1 hard flag(s) open, 9314+5452 tok
  1476 Catalyst of Cognition in Will — 5 attempt(s), 1 hard flag(s) open, 9331+5698 tok
  1477 Catalyst of Cognition in Wisdom — 5 attempt(s), clean, 9459+6063 tok
  1478 Catalyst of Cognition in Authority — 4 attempt(s), clean, 8174+4883 tok
  1479 Catalyst of Cognition in Nurturing — 5 attempt(s), 1 hard flag(s) open, 9459+5990 tok
  1480 Catalyst of Cognition in Drive — 3 attempt(s), clean, 6034+3090 tok
  1481 Catalyst of Cognition in Culture — 5 attempt(s), 1 hard flag(s) open, 9327+5782 tok
  1482 Catalyst of Cognition in Compassion — 5 attempt(s), clean, 10112+6761 tok
  1483 Catalyst of Cognition in Fortitude — 5 attempt(s), 1 hard flag(s) open, 9566+5917 tok
  1484 Catalyst of Cognition in Discipline — 4 attempt(s), clean, 8130+5001 tok
  1485 Catalyst of Cognition in Source — 5 attempt(s), 1 hard flag(s) open, 9123+5556 tok
  1486 Catalyst of Cognition in Faith — 4 attempt(s), clean, 8283+5065 tok
  1487 Catalyst of Cognition in Transformation — 4 attempt(s), clean, 8253+5115 tok
  1488 Catalyst of Cognition in Equity — 5 attempt(s), 1 hard flag(s) open, 9725+6494 tok
  1489 Catalyst of Cognition in Tune — 5 attempt(s), clean, 9631+6228 tok
  1490 Catalyst of Cognition in Abstraction — 5 attempt(s), clean, 9669+6137 tok
  1491 Catalyst of Cognition in Inspiration — 4 attempt(s), clean, 7881+4526 tok
  1492 Catalyst of Cognition in Actualization — 3 attempt(s), clean, 6790+3369 tok
  1493 Catalyst of Cognition in Breakthrough — 5 attempt(s), 2 hard flag(s) open, 9814+6188 tok
  1494 Catalyst of Cognition in Creation — 3 attempt(s), clean, 6712+3643 tok
  1495 Catalyst of Cognition in Recognition — 4 attempt(s), clean, 8518+4879 tok
  1496 Catalyst of Cognition in Imagination — 5 attempt(s), clean, 10270+6960 tok
  1497 Steward of Cognition in Will — 4 attempt(s), clean, 7780+4365 tok
  1498 Steward of Cognition in Potential — 5 attempt(s), clean, 9426+5993 tok
  1499 Steward of Cognition in Culture — 3 attempt(s), clean, 6698+3821 tok
  1500 Steward of Cognition in Wisdom — 5 attempt(s), clean, 9630+6323 tok
  1501 Steward of Cognition in Nurturing — 5 attempt(s), clean, 9193+5725 tok
  1502 Steward of Cognition in Authority — 5 attempt(s), clean, 9804+6610 tok
  1503 Steward of Cognition in Compassion — 5 attempt(s), clean, 9448+6129 tok
  1504 Steward of Cognition in Fortitude — 4 attempt(s), clean, 8220+4865 tok
  1505 Steward of Cognition in Drive — 5 attempt(s), 2 hard flag(s) open, 10127+6533 tok
  1506 Steward of Cognition in Discipline — 5 attempt(s), clean, 9635+6284 tok
  1507 Steward of Cognition in Equity — 5 attempt(s), clean, 9353+5870 tok
  1508 Steward of Cognition in Source — 5 attempt(s), 3 hard flag(s) open, 9364+6182 tok
  1509 Steward of Cognition in Transformation — 4 attempt(s), clean, 8000+4664 tok
  1510 Steward of Cognition in Faith — 5 attempt(s), 1 hard flag(s) open, 9266+5865 tok
  1511 Steward of Cognition in Tune — 4 attempt(s), clean, 7929+4753 tok
  1512 Steward of Cognition in Inspiration — 3 attempt(s), clean, 6640+3721 tok
  1513 Steward of Cognition in Abstraction — 5 attempt(s), 1 hard flag(s) open, 9946+6559 tok
  1514 Steward of Cognition in Breakthrough — 5 attempt(s), clean, 9670+6258 tok
  1515 Steward of Cognition in Imagination — 4 attempt(s), clean, 8351+5314 tok
  1516 Steward of Cognition in Recognition — 4 attempt(s), clean, 8291+4993 tok
  1517 Executor of Cognition in Potential — 3 attempt(s), clean, 6961+3637 tok
  1518 Steward of Cognition in Actualization — 5 attempt(s), clean, 8960+5662 tok
  1519 Steward of Cognition in Creation — 5 attempt(s), clean, 9861+6429 tok
  1520 Executor of Cognition in Authority — 3 attempt(s), clean, 6396+3346 tok
  1521 Executor of Cognition in Nurturing — 4 attempt(s), clean, 8050+4860 tok
  1522 Executor of Cognition in Compassion — 3 attempt(s), clean, 6502+3482 tok
  1523 Executor of Cognition in Wisdom — 5 attempt(s), clean, 9446+5700 tok
  1524 Executor of Cognition in Will — 5 attempt(s), 1 hard flag(s) open, 10577+6671 tok
  1525 Executor of Cognition in Drive — 5 attempt(s), 1 hard flag(s) open, 9783+6512 tok
  1526 Executor of Cognition in Culture — 5 attempt(s), 2 hard flag(s) open, 10268+6606 tok
  1527 Executor of Cognition in Fortitude — 5 attempt(s), 3 hard flag(s) open, 9811+6116 tok
  1528 Executor of Cognition in Discipline — 5 attempt(s), clean, 9800+6047 tok
  1529 Executor of Cognition in Source — 5 attempt(s), clean, 9535+6033 tok
  1530 Executor of Cognition in Equity — 5 attempt(s), clean, 9588+5966 tok
  1531 Executor of Cognition in Faith — 5 attempt(s), clean, 9417+6194 tok
  1532 Executor of Cognition in Transformation — 5 attempt(s), 2 hard flag(s) open, 9916+6160 tok
  1533 Executor of Cognition in Tune — 5 attempt(s), clean, 9186+5738 tok
  1534 Executor of Cognition in Abstraction — 5 attempt(s), 3 hard flag(s) open, 10557+7036 tok
  1535 Executor of Cognition in Inspiration — 4 attempt(s), clean, 8019+4522 tok
  1536 Executor of Cognition in Breakthrough — 5 attempt(s), 3 hard flag(s) open, 9650+6138 tok
  1537 Executor of Cognition in Creation — 4 attempt(s), clean, 7940+4745 tok
  1538 Executor of Cognition in Imagination — 5 attempt(s), clean, 10052+6734 tok
  1539 Executor of Cognition in Actualization — 5 attempt(s), clean, 9711+6252 tok
  1540 Executor of Cognition in Recognition — 5 attempt(s), 1 hard flag(s) open, 9317+5928 tok
  1541 Initiate of Resonance in Potential — 5 attempt(s), clean, 10170+6524 tok
  1542 Initiate of Resonance in Will — 5 attempt(s), clean, 9589+6361 tok
  1543 Initiate of Resonance in Wisdom — 5 attempt(s), clean, 9648+6249 tok
  1544 Initiate of Resonance in Compassion — 3 attempt(s), clean, 6769+3874 tok
  1545 Initiate of Resonance in Nurturing — 5 attempt(s), 3 hard flag(s) open, 10026+6492 tok
  1546 Initiate of Resonance in Drive — 5 attempt(s), clean, 9262+5798 tok
  1547 Initiate of Resonance in Culture — 5 attempt(s), clean, 9794+6703 tok
  1548 Initiate of Resonance in Authority — 5 attempt(s), 3 hard flag(s) open, 9992+6717 tok
  1549 Initiate of Resonance in Fortitude — 5 attempt(s), 1 hard flag(s) open, 9465+5657 tok
  1550 Initiate of Resonance in Discipline — 4 attempt(s), clean, 8594+5285 tok
  1551 Initiate of Resonance in Source — 4 attempt(s), clean, 8524+5224 tok
  1552 Initiate of Resonance in Faith — 5 attempt(s), 1 hard flag(s) open, 9220+5741 tok
  1553 Initiate of Resonance in Equity — 5 attempt(s), 3 hard flag(s) open, 9646+5904 tok
  1554 Initiate of Resonance in Transformation — 4 attempt(s), clean, 8274+5220 tok
  1555 Initiate of Resonance in Abstraction — 5 attempt(s), 1 hard flag(s) open, 9979+6372 tok
  1556 Initiate of Resonance in Tune — 5 attempt(s), 3 hard flag(s) open, 10522+6787 tok
  1557 Initiate of Resonance in Breakthrough — 4 attempt(s), clean, 8363+4884 tok
  1558 Initiate of Resonance in Actualization — 3 attempt(s), clean, 6418+3386 tok
  1559 Initiate of Resonance in Inspiration — 4 attempt(s), clean, 8362+4803 tok
  1560 Initiate of Resonance in Recognition — 3 attempt(s), clean, 6759+3674 tok
  1561 Initiate of Resonance in Imagination — 5 attempt(s), 4 hard flag(s) open, 9961+6309 tok
  1562 Initiate of Resonance in Creation — 4 attempt(s), clean, 8160+5001 tok
  1563 Catalyst of Resonance in Potential — 4 attempt(s), clean, 8112+5110 tok
  1564 Catalyst of Resonance in Will — 5 attempt(s), clean, 9117+5705 tok
  1565 Catalyst of Resonance in Wisdom — 5 attempt(s), clean, 9511+6140 tok
  1566 Catalyst of Resonance in Culture — 4 attempt(s), clean, 7870+4788 tok
  1567 Catalyst of Resonance in Nurturing — 5 attempt(s), 2 hard flag(s) open, 9876+6482 tok
  1568 Catalyst of Resonance in Authority — 5 attempt(s), clean, 9531+6048 tok
  1569 Catalyst of Resonance in Compassion — 4 attempt(s), clean, 8092+5081 tok
  1570 Catalyst of Resonance in Drive — 4 attempt(s), clean, 8693+5562 tok
  1571 Catalyst of Resonance in Fortitude — 5 attempt(s), clean, 9979+5987 tok
  1572 Catalyst of Resonance in Discipline — 5 attempt(s), clean, 9672+6493 tok
  1573 Catalyst of Resonance in Faith — 5 attempt(s), 1 hard flag(s) open, 8942+5608 tok
  1574 Catalyst of Resonance in Source — 5 attempt(s), clean, 8905+5503 tok
  1575 Catalyst of Resonance in Transformation — 5 attempt(s), 2 hard flag(s) open, 9103+5760 tok
  1576 Catalyst of Resonance in Tune — 4 attempt(s), clean, 8071+5213 tok
  1577 Catalyst of Resonance in Equity — 5 attempt(s), clean, 9483+6078 tok
  1578 Catalyst of Resonance in Abstraction — 5 attempt(s), 1 hard flag(s) open, 10032+6648 tok
  1579 Catalyst of Resonance in Breakthrough — 5 attempt(s), 1 hard flag(s) open, 9493+6073 tok
  1580 Catalyst of Resonance in Actualization — 4 attempt(s), clean, 7391+4317 tok
  1581 Catalyst of Resonance in Imagination — 4 attempt(s), clean, 7568+4502 tok
  1582 Catalyst of Resonance in Inspiration — 5 attempt(s), 2 hard flag(s) open, 8621+5297 tok
  1583 Catalyst of Resonance in Creation — 3 attempt(s), clean, 6414+3707 tok
  1584 Catalyst of Resonance in Recognition — 4 attempt(s), clean, 8153+5132 tok
  1585 Steward of Resonance in Potential — 5 attempt(s), 7 hard flag(s) open, 9844+5793 tok
  1586 Steward of Resonance in Wisdom — 5 attempt(s), 1 hard flag(s) open, 9244+5608 tok
  1587 Steward of Resonance in Will — 5 attempt(s), clean, 10336+6242 tok
  1588 Steward of Resonance in Authority — 5 attempt(s), clean, 9432+6098 tok
  1589 Steward of Resonance in Compassion — 5 attempt(s), 4 hard flag(s) open, 9469+5910 tok
  1590 Steward of Resonance in Culture — 5 attempt(s), 2 hard flag(s) open, 9413+6164 tok
  1591 Steward of Resonance in Nurturing — 5 attempt(s), clean, 10031+6319 tok
  1592 Steward of Resonance in Drive — 5 attempt(s), 1 hard flag(s) open, 9319+5754 tok
  1593 Steward of Resonance in Fortitude — 5 attempt(s), clean, 9817+6186 tok
  1594 Steward of Resonance in Discipline — 5 attempt(s), 2 hard flag(s) open, 9706+5873 tok
  1595 Steward of Resonance in Faith — 4 attempt(s), clean, 7872+4970 tok
  1596 Steward of Resonance in Source — 5 attempt(s), clean, 9503+5700 tok
  1597 Steward of Resonance in Transformation — 5 attempt(s), 1 hard flag(s) open, 9525+6323 tok
  1598 Steward of Resonance in Equity — 5 attempt(s), 2 hard flag(s) open, 10163+6992 tok
  1599 Steward of Resonance in Tune — 5 attempt(s), 4 hard flag(s) open, 10138+6051 tok
  1600 Steward of Resonance in Abstraction — 5 attempt(s), clean, 9825+6334 tok
  1601 Steward of Resonance in Breakthrough — 4 attempt(s), clean, 7983+4839 tok
  1602 Steward of Resonance in Inspiration — 5 attempt(s), clean, 9349+5652 tok
  1603 Steward of Resonance in Actualization — 4 attempt(s), clean, 8115+4948 tok
  1604 Steward of Resonance in Imagination — 5 attempt(s), 1 hard flag(s) open, 10104+6291 tok
  1605 Steward of Resonance in Recognition — 5 attempt(s), 4 hard flag(s) open, 9663+6343 tok
  1606 Executor of Resonance in Wisdom — 4 attempt(s), clean, 8068+4772 tok
  1607 Steward of Resonance in Creation — 5 attempt(s), clean, 9229+5754 tok
  1608 Executor of Resonance in Potential — 5 attempt(s), 3 hard flag(s) open, 9881+5924 tok
  1609 Executor of Resonance in Will — 5 attempt(s), 1 hard flag(s) open, 9973+6360 tok
  1610 Executor of Resonance in Nurturing — 4 attempt(s), clean, 8263+4776 tok
  1611 Executor of Resonance in Authority — 5 attempt(s), 1 hard flag(s) open, 9836+6106 tok
  1612 Executor of Resonance in Culture — 4 attempt(s), clean, 8103+4790 tok
  1613 Executor of Resonance in Drive — 5 attempt(s), clean, 9346+5944 tok
  1614 Executor of Resonance in Fortitude — 5 attempt(s), 5 hard flag(s) open, 9593+6173 tok
  1615 Executor of Resonance in Compassion — 5 attempt(s), 2 hard flag(s) open, 9639+6030 tok
  1616 Executor of Resonance in Source — 5 attempt(s), clean, 9192+5507 tok
  1617 Executor of Resonance in Discipline — 5 attempt(s), 4 hard flag(s) open, 10199+6441 tok
  1618 Executor of Resonance in Equity — 5 attempt(s), clean, 9953+6388 tok
  1619 Executor of Resonance in Transformation — 5 attempt(s), clean, 9430+6121 tok
  1620 Executor of Resonance in Faith — 5 attempt(s), 3 hard flag(s) open, 9552+5688 tok
  1621 Executor of Resonance in Abstraction — 5 attempt(s), 2 hard flag(s) open, 9400+5818 tok
  1622 Executor of Resonance in Tune — 5 attempt(s), clean, 9559+5806 tok
  1623 Executor of Resonance in Breakthrough — 5 attempt(s), 3 hard flag(s) open, 9763+6399 tok
  1624 Executor of Resonance in Inspiration — 5 attempt(s), 1 hard flag(s) open, 10238+6082 tok
  1625 Executor of Resonance in Imagination — 5 attempt(s), 1 hard flag(s) open, 9766+6087 tok
  1626 Executor of Resonance in Recognition — 5 attempt(s), 7 hard flag(s) open, 9806+6166 tok
  1627 Initiate of Structure in Will — 4 attempt(s), clean, 8428+4815 tok
  1628 Executor of Resonance in Creation — 5 attempt(s), 1 hard flag(s) open, 9846+6026 tok
  1629 Initiate of Structure in Potential — 5 attempt(s), 1 hard flag(s) open, 9801+6058 tok
  1630 Executor of Resonance in Actualization — 5 attempt(s), 2 hard flag(s) open, 10709+7098 tok
  1631 Initiate of Structure in Wisdom — 5 attempt(s), clean, 10087+6368 tok
  1632 Initiate of Structure in Authority — 5 attempt(s), clean, 9016+5757 tok
  1633 Initiate of Structure in Nurturing — 5 attempt(s), 1 hard flag(s) open, 9879+5803 tok
  1634 Initiate of Structure in Drive — 3 attempt(s), clean, 7090+4201 tok
  1635 Initiate of Structure in Culture — 5 attempt(s), clean, 9500+5894 tok
  1636 Initiate of Structure in Compassion — 5 attempt(s), 4 hard flag(s) open, 9283+5694 tok
  1637 Initiate of Structure in Fortitude — 5 attempt(s), 1 hard flag(s) open, 9903+6316 tok
  1638 Initiate of Structure in Discipline — 5 attempt(s), 4 hard flag(s) open, 10031+6209 tok
  1639 Initiate of Structure in Transformation — 3 attempt(s), clean, 6576+3626 tok
  1640 Initiate of Structure in Equity — 5 attempt(s), 1 hard flag(s) open, 9597+5879 tok
  1641 Initiate of Structure in Source — 5 attempt(s), 1 hard flag(s) open, 9723+5812 tok
  1642 Initiate of Structure in Faith — 5 attempt(s), 1 hard flag(s) open, 10204+6601 tok
  1643 Initiate of Structure in Tune — 5 attempt(s), 1 hard flag(s) open, 9446+6030 tok
  1644 Initiate of Structure in Inspiration — 4 attempt(s), clean, 7808+4470 tok
  1645 Initiate of Structure in Abstraction — 5 attempt(s), clean, 9450+6226 tok
  1646 Initiate of Structure in Breakthrough — 5 attempt(s), clean, 9656+5962 tok
  1647 Initiate of Structure in Actualization — 4 attempt(s), clean, 8084+4710 tok
  1648 Initiate of Structure in Imagination — 5 attempt(s), 2 hard flag(s) open, 9631+5597 tok
  1649 Initiate of Structure in Recognition — 5 attempt(s), 1 hard flag(s) open, 9901+6515 tok
  1650 Initiate of Structure in Creation — 5 attempt(s), 2 hard flag(s) open, 10272+6259 tok
  1651 Catalyst of Structure in Will — 5 attempt(s), 2 hard flag(s) open, 8883+5425 tok
  1652 Catalyst of Structure in Potential — 5 attempt(s), 2 hard flag(s) open, 9980+6977 tok
  1653 Catalyst of Structure in Nurturing — 4 attempt(s), clean, 8324+4967 tok
  1654 Catalyst of Structure in Wisdom — 5 attempt(s), 1 hard flag(s) open, 9534+6148 tok
  1655 Catalyst of Structure in Culture — 5 attempt(s), 1 hard flag(s) open, 9047+5935 tok
  1656 Catalyst of Structure in Compassion — 4 attempt(s), clean, 8245+5055 tok
  1657 Catalyst of Structure in Authority — 5 attempt(s), clean, 9878+6405 tok
  1658 Catalyst of Structure in Drive — 5 attempt(s), clean, 9504+5982 tok
  1659 Catalyst of Structure in Fortitude — 5 attempt(s), 4 hard flag(s) open, 9573+6201 tok
  1660 Catalyst of Structure in Source — 4 attempt(s), clean, 8448+4990 tok
  1661 Catalyst of Structure in Discipline — 5 attempt(s), 4 hard flag(s) open, 9530+5812 tok
  1662 Catalyst of Structure in Equity — 5 attempt(s), 2 hard flag(s) open, 9541+6160 tok
  1663 Catalyst of Structure in Faith — 4 attempt(s), clean, 7749+4608 tok
  1664 Catalyst of Structure in Transformation — 4 attempt(s), clean, 7999+4855 tok
  1665 Catalyst of Structure in Tune — 5 attempt(s), 3 hard flag(s) open, 9511+5921 tok
  1666 Catalyst of Structure in Abstraction — 5 attempt(s), clean, 9404+6126 tok
  1667 Catalyst of Structure in Actualization — 4 attempt(s), clean, 8434+5015 tok
  1668 Catalyst of Structure in Imagination — 5 attempt(s), 1 hard flag(s) open, 9383+6149 tok
  1669 Catalyst of Structure in Breakthrough — 5 attempt(s), 1 hard flag(s) open, 10320+6635 tok
  1670 Catalyst of Structure in Inspiration — 5 attempt(s), 2 hard flag(s) open, 10065+6625 tok
  1671 Catalyst of Structure in Recognition — 5 attempt(s), clean, 9265+6144 tok
  1672 Catalyst of Structure in Creation — 5 attempt(s), 2 hard flag(s) open, 9684+6228 tok
  1673 Steward of Structure in Potential — 4 attempt(s), clean, 8519+5035 tok
  1674 Steward of Structure in Authority — 4 attempt(s), clean, 7965+4853 tok
  1675 Steward of Structure in Will — 5 attempt(s), 1 hard flag(s) open, 9437+5705 tok
  1676 Steward of Structure in Culture — 4 attempt(s), clean, 8421+5343 tok
  1677 Steward of Structure in Wisdom — 5 attempt(s), 2 hard flag(s) open, 10338+6824 tok
  1678 Steward of Structure in Nurturing — 5 attempt(s), 3 hard flag(s) open, 10092+6782 tok
  1679 Steward of Structure in Compassion — 5 attempt(s), 3 hard flag(s) open, 10142+6312 tok
  1680 Steward of Structure in Drive — 5 attempt(s), 1 hard flag(s) open, 9666+6222 tok
  1681 Steward of Structure in Fortitude — 5 attempt(s), 1 hard flag(s) open, 9501+6303 tok
  1682 Steward of Structure in Discipline — 5 attempt(s), 3 hard flag(s) open, 9614+6296 tok
  1683 Steward of Structure in Source — 5 attempt(s), 2 hard flag(s) open, 9891+6164 tok
  1684 Steward of Structure in Equity — 5 attempt(s), clean, 9349+5941 tok
  1685 Steward of Structure in Transformation — 4 attempt(s), clean, 7988+4719 tok
  1686 Steward of Structure in Abstraction — 3 attempt(s), clean, 6709+3832 tok
  1687 Steward of Structure in Faith — 5 attempt(s), 3 hard flag(s) open, 9905+6179 tok
  1688 Steward of Structure in Tune — 5 attempt(s), clean, 9493+6051 tok
  1689 Steward of Structure in Breakthrough — 5 attempt(s), 2 hard flag(s) open, 9421+5993 tok
  1690 Steward of Structure in Imagination — 5 attempt(s), 3 hard flag(s) open, 9532+5742 tok
  1691 Steward of Structure in Inspiration — 5 attempt(s), clean, 9726+6296 tok
  1692 Steward of Structure in Recognition — 5 attempt(s), 1 hard flag(s) open, 9476+6223 tok
  1693 Steward of Structure in Actualization — 5 attempt(s), 1 hard flag(s) open, 9924+6486 tok
  1694 Steward of Structure in Creation — 5 attempt(s), clean, 9164+5846 tok
  1695 Executor of Structure in Potential — 4 attempt(s), clean, 7875+4512 tok
  1696 Executor of Structure in Will — 5 attempt(s), clean, 9830+6243 tok
  1697 Executor of Structure in Wisdom — 4 attempt(s), clean, 8187+4914 tok
  1698 Executor of Structure in Culture — 5 attempt(s), 4 hard flag(s) open, 9214+5412 tok
  1699 Executor of Structure in Compassion — 5 attempt(s), clean, 9439+5614 tok
  1700 Executor of Structure in Authority — 5 attempt(s), 1 hard flag(s) open, 9362+5905 tok
  1701 Executor of Structure in Nurturing — 5 attempt(s), 1 hard flag(s) open, 10248+6602 tok
  1702 Executor of Structure in Drive — 5 attempt(s), clean, 9338+5826 tok
  1703 Executor of Structure in Fortitude — 5 attempt(s), clean, 9524+5919 tok
  1704 Executor of Structure in Discipline — 5 attempt(s), clean, 9318+5896 tok
  1705 Executor of Structure in Source — 5 attempt(s), clean, 9153+5467 tok
  1706 Executor of Structure in Faith — 4 attempt(s), clean, 8066+4564 tok
  1707 Executor of Structure in Equity — 4 attempt(s), clean, 8561+4802 tok
  1708 Executor of Structure in Breakthrough — 4 attempt(s), clean, 8166+4708 tok
  1709 Executor of Structure in Tune — 4 attempt(s), clean, 8965+5110 tok
  1710 Executor of Structure in Transformation — 5 attempt(s), 2 hard flag(s) open, 9540+6108 tok
  1711 Executor of Structure in Abstraction — 5 attempt(s), clean, 10123+6471 tok
  1712 Executor of Structure in Imagination — 5 attempt(s), 1 hard flag(s) open, 9267+5889 tok
  1713 Executor of Structure in Inspiration — 5 attempt(s), 6 hard flag(s) open, 10687+6839 tok
  1714 Executor of Structure in Actualization — 4 attempt(s), clean, 8208+4744 tok
  1715 Executor of Structure in Creation — 5 attempt(s), clean, 9320+5768 tok
  1716 Executor of Structure in Recognition — 5 attempt(s), clean, 9680+5794 tok
done 1716, failed 0 in 5270s
stored calls 1716 · cells 6864 · re-rolled 1716 · hard flags still open 1512
tokens in 15435010 out 9772251 · cost $8.18 at $0.15/$0.6 per M (OpenRouter's list (deepseek/deepseek-v4.1-flash)) — the stored cells were authored on or-v4.1-flash; the console's ledger is the truth
lint flags (! hard, ~ soft): seat~ 5678  medicine~ 2961  length~ 2717  refrain~ 2333  tense~ 1997  ask~ 1706  vocab~ 1643  said~ 1143  weave~ 1137  scope~ 823  refrain! 739  wound~ 537  format~ 316  hunch~ 176  vocab! 90  diagnosis~ 83  scope! 78  medicine! 76  glass! 38  length! 32  imperative! 17  weave! 17  format! 12  person! 11  names! 10  hunch! 8  label! 5  ask! 4  missing! 4  history! 2  wound! 1  growth! 1
UNRESOLVED after 5 attempts: Potential in Potential [refrain] · Potential in Will [vocab,refrain] · Potential in Wisdom [refrain,vocab] · Potential in Nurturing [] · Potential in Compassion [refrain] · Potential in Drive [refrain] · Potential in Fortitude [scope,refrain] · Potential in Source [refrain] · Potential in Equity [scope,refrain,medicine] · Potential in Faith [refrain] · Potential in Abstraction [length] · Potential in Inspiration [scope,refrain] · Will in Will [refrain] · Will in Wisdom [refrain] · Will in Nurturing [refrain] · Will in Culture [person] · Will in Compassion [] · Will in Drive [refrain] · Will in Fortitude [scope] · Will in Discipline [refrain] · Will in Equity [refrain] · Will in Inspiration [refrain] · Will in Imagination [] · Will in Recognition [refrain] · Wisdom in Will [] · Wisdom in Wisdom [medicine,vocab] · Wisdom in Nurturing [vocab] · Wisdom in Authority [refrain] · Wisdom in Culture [refrain] · Wisdom in Fortitude [medicine,refrain] · Wisdom in Discipline [refrain] · Wisdom in Equity [refrain,medicine] · Wisdom in Tune [imperative,hunch] · Wisdom in Abstraction [refrain] · Wisdom in Breakthrough [scope,refrain] · Wisdom in Inspiration [refrain,medicine] · Wisdom in Imagination [refrain] · Wisdom in Actualization [length] · Wisdom in Recognition [refrain] · Wisdom in Creation [vocab] · Nurturing in Potential [] · Nurturing in Will [refrain,vocab] · Nurturing in Wisdom [refrain] · Nurturing in Authority [refrain] · Nurturing in Fortitude [refrain] · Nurturing in Source [refrain] · Nurturing in Equity [medicine,scope] · Nurturing in Transformation [refrain] · Nurturing in Tune [vocab,refrain] · Nurturing in Inspiration [refrain,scope] · Nurturing in Imagination [] · Nurturing in Actualization [refrain] · Nurturing in Recognition [refrain] · Nurturing in Creation [vocab,ask] · Authority in Potential [refrain] · Authority in Wisdom [refrain] · Authority in Nurturing [refrain] · Authority in Culture [refrain] · Authority in Drive [refrain] · Authority in Fortitude [scope,refrain] · Authority in Discipline [refrain] · Authority in Source [scope,refrain] · Authority in Transformation [refrain] · Authority in Breakthrough [refrain] · Authority in Inspiration [refrain,hunch] · Authority in Recognition [refrain] · Authority in Creation [refrain] · Culture in Potential [] · Culture in Will [refrain] · Culture in Wisdom [refrain] · Culture in Source [length] · Culture in Transformation [refrain] · Culture in Tune [refrain] · Culture in Actualization [] · Culture in Creation [vocab] · Compassion in Will [refrain] · Compassion in Wisdom [refrain] · Compassion in Nurturing [vocab] · Compassion in Fortitude [] · Compassion in Faith [refrain] · Compassion in Abstraction [refrain] · Compassion in Recognition [refrain,scope] · Drive in Will [vocab] · Drive in Wisdom [refrain,hunch] · Drive in Nurturing [refrain] · Drive in Authority [] · Drive in Compassion [refrain] · Drive in Faith [refrain] · Drive in Transformation [] · Drive in Abstraction [refrain] · Drive in Breakthrough [imperative,refrain] · Drive in Inspiration [refrain] · Drive in Imagination [refrain] · Drive in Creation [] · Fortitude in Will [weave,vocab] · Fortitude in Wisdom [imperative] · Fortitude in Culture [refrain] · Fortitude in Compassion [refrain] · Fortitude in Drive [medicine,refrain,weave] · Fortitude in Equity [medicine,refrain] · Fortitude in Tune [refrain] · Fortitude in Breakthrough [] · Fortitude in Imagination [refrain] · Fortitude in Recognition [refrain] · Fortitude in Creation [length] · Discipline in Will [refrain] · Discipline in Authority [refrain] · Discipline in Compassion [length,vocab,refrain] · Discipline in Drive [medicine] · Discipline in Fortitude [refrain] · Discipline in Discipline [medicine] · Discipline in Equity [] · Discipline in Transformation [refrain] · Discipline in Tune [refrain] · Discipline in Abstraction [medicine,scope] · Discipline in Inspiration [refrain] · Discipline in Imagination [refrain] · Discipline in Actualization [] · Discipline in Creation [refrain] · Source in Will [vocab,refrain] · Source in Wisdom [hunch] · Source in Culture [vocab,medicine] · Source in Drive [] · Source in Fortitude [refrain] · Source in Discipline [refrain] · Source in Equity [] · Source in Transformation [refrain] · Source in Abstraction [refrain] · Source in Inspiration [refrain] · Source in Imagination [] · Source in Recognition [] · Source in Creation [refrain,vocab] · Equity in Potential [] · Equity in Authority [] · Equity in Culture [refrain,medicine] · Equity in Compassion [refrain] · Equity in Drive [refrain] · Equity in Fortitude [weave] · Equity in Equity [refrain] · Equity in Faith [scope] · Equity in Abstraction [scope] · Equity in Breakthrough [refrain] · Equity in Inspiration [scope,refrain] · Equity in Recognition [refrain] · Faith in Will [refrain] · Faith in Nurturing [length] · Faith in Authority [medicine,refrain] · Faith in Fortitude [] · Faith in Discipline [vocab,refrain] · Faith in Equity [medicine] · Faith in Faith [hunch] · Faith in Breakthrough [refrain] · Faith in Inspiration [vocab,scope] · Faith in Imagination [refrain] · Faith in Recognition [] · Faith in Creation [refrain] · Transformation in Culture [refrain] · Transformation in Compassion [imperative,medicine] · Transformation in Discipline [refrain] · Transformation in Source [] · Transformation in Faith [] · Transformation in Transformation [refrain] · Transformation in Inspiration [refrain] · Transformation in Imagination [] · Transformation in Actualization [refrain] · Transformation in Creation [scope,refrain] · Tune in Will [refrain] · Tune in Nurturing [refrain,person] · Tune in Authority [refrain] · Tune in Compassion [ask] · Tune in Faith [person] · Tune in Transformation [scope,refrain] · Tune in Tune [] · Tune in Abstraction [] · Tune in Imagination [] · Tune in Creation [refrain] · Abstraction in Potential [] · Abstraction in Wisdom [imperative] · Abstraction in Nurturing [refrain,names] · Abstraction in Culture [] · Abstraction in Drive [refrain] · Abstraction in Fortitude [vocab,refrain] · Abstraction in Source [refrain] · Abstraction in Transformation [glass,refrain,medicine] · Abstraction in Tune [refrain,medicine] · Abstraction in Abstraction [refrain] · Abstraction in Breakthrough [glass,refrain] · Abstraction in Inspiration [refrain] · Abstraction in Imagination [scope] · Abstraction in Actualization [refrain] · Abstraction in Recognition [refrain] · Breakthrough in Potential [length,refrain] · Breakthrough in Will [refrain] · Breakthrough in Wisdom [refrain] · Breakthrough in Culture [vocab] · Breakthrough in Compassion [refrain] · Breakthrough in Fortitude [refrain] · Breakthrough in Discipline [refrain] · Breakthrough in Equity [] · Breakthrough in Faith [scope] · Breakthrough in Transformation [scope] · Breakthrough in Tune [] · Breakthrough in Abstraction [refrain] · Breakthrough in Inspiration [refrain] · Breakthrough in Creation [scope] · Inspiration in Potential [weave,refrain] · Inspiration in Wisdom [refrain,medicine] · Inspiration in Culture [refrain] · Inspiration in Compassion [refrain] · Inspiration in Drive [refrain] · Inspiration in Source [glass,length] · Inspiration in Transformation [refrain] · Inspiration in Tune [glass,refrain] · Inspiration in Inspiration [refrain] · Imagination in Potential [refrain] · Imagination in Nurturing [refrain] · Imagination in Culture [refrain] · Imagination in Drive [medicine] · Imagination in Fortitude [refrain,medicine] · Imagination in Discipline [refrain] · Imagination in Equity [refrain,scope,medicine] · Imagination in Faith [refrain] · Imagination in Transformation [vocab] · Imagination in Abstraction [refrain] · Imagination in Breakthrough [] · Imagination in Imagination [scope] · Imagination in Actualization [scope] · Imagination in Recognition [refrain] · Actualization in Will [refrain] · Actualization in Wisdom [refrain,vocab] · Actualization in Compassion [names] · Actualization in Fortitude [refrain] · Actualization in Discipline [refrain,scope] · Actualization in Equity [] · Actualization in Transformation [refrain] · Actualization in Breakthrough [refrain] · Actualization in Imagination [refrain] · Actualization in Recognition [refrain,medicine] · Recognition in Potential [vocab,refrain] · Recognition in Nurturing [refrain] · Recognition in Authority [vocab] · Recognition in Faith [vocab] · Recognition in Abstraction [refrain,medicine] · Recognition in Imagination [refrain] · Creation in Wisdom [ask,refrain] · Creation in Culture [refrain] · Creation in Discipline [] · Creation in Source [refrain] · Creation in Faith [] · Creation in Transformation [refrain] · Creation in Tune [refrain] · Creation in Abstraction [scope,refrain] · Creation in Breakthrough [refrain] · Creation in Imagination [medicine] · Creation in Creation [scope] · Activation in Potential [scope] · Activation in Nurturing [refrain] · Activation in Authority [refrain] · Activation in Culture [refrain] · Activation in Source [refrain] · Activation in Equity [refrain] · Activation in Tune [] · Activation in Abstraction [refrain] · Activation in Creation [refrain] · Orientation in Potential [] · Orientation in Wisdom [vocab,refrain] · Orientation in Compassion [] · Orientation in Discipline [refrain] · Orientation in Faith [] · Orientation in Transformation [refrain] · Orientation in Imagination [refrain] · Orientation in Recognition [glass] · Orientation in Creation [refrain] · Assertion in Will [] · Assertion in Authority [refrain] · Assertion in Culture [refrain] · Assertion in Compassion [] · Assertion in Fortitude [refrain] · Assertion in Equity [scope,refrain] · Assertion in Faith [refrain,format] · Assertion in Imagination [medicine] · Assertion in Actualization [refrain] · Assertion in Recognition [format] · Alignment in Potential [refrain] · Alignment in Will [] · Alignment in Wisdom [scope,refrain] · Alignment in Nurturing [refrain] · Alignment in Drive [] · Alignment in Fortitude [refrain,vocab] · Alignment in Inspiration [] · Alignment in Actualization [hunch,scope,refrain,medicine] · Dedication in Will [glass,refrain] · Dedication in Wisdom [refrain] · Dedication in Authority [refrain] · Dedication in Discipline [refrain] · Dedication in Equity [label] · Dedication in Breakthrough [refrain] · Dedication in Actualization [vocab] · Dedication in Recognition [refrain] · Dedication in Creation [scope] · Honor in Potential [refrain] · Honor in Will [] · Honor in Nurturing [] · Honor in Authority [refrain] · Honor in Culture [] · Honor in Compassion [refrain] · Honor in Fortitude [vocab,refrain] · Honor in Equity [refrain] · Honor in Faith [medicine] · Honor in Transformation [imperative] · Honor in Tune [refrain,medicine] · Honor in Abstraction [] · Honor in Breakthrough [length] · Honor in Inspiration [medicine] · Honor in Imagination [scope] · Honor in Actualization [refrain] · Honor in Creation [refrain] · Resolve in Will [vocab] · Resolve in Authority [] · Resolve in Compassion [refrain] · Resolve in Drive [refrain] · Resolve in Equity [vocab] · Resolve in Inspiration [refrain] · Resolve in Actualization [weave] · Command in Nurturing [refrain] · Command in Culture [imperative] · Command in Compassion [weave] · Command in Drive [refrain,length] · Command in Equity [medicine] · Command in Faith [refrain] · Command in Transformation [refrain] · Command in Tune [refrain] · Command in Abstraction [refrain] · Command in Actualization [scope,refrain] · Command in Recognition [] · Command in Creation [refrain] · Resilience in Potential [refrain] · Resilience in Will [refrain] · Resilience in Nurturing [refrain] · Resilience in Culture [refrain] · Resilience in Compassion [vocab,refrain] · Resilience in Faith [length] · Resilience in Transformation [refrain] · Resilience in Tune [refrain] · Resilience in Breakthrough [length,glass] · Resilience in Actualization [person] · Resilience in Recognition [refrain] · Resilience in Creation [] · Realization in Authority [glass] · Realization in Culture [refrain] · Realization in Source [] · Realization in Equity [refrain] · Realization in Abstraction [] · Perception in Potential [refrain] · Perception in Will [refrain] · Perception in Wisdom [refrain,vocab] · Perception in Culture [refrain,scope] · Perception in Compassion [refrain] · Perception in Drive [refrain] · Perception in Fortitude [refrain] · Perception in Discipline [refrain] · Perception in Equity [scope] · Perception in Faith [refrain] · Perception in Transformation [hunch,refrain] · Perception in Tune [refrain] · Perception in Abstraction [refrain] · Perception in Inspiration [refrain] · Perception in Recognition [] · Reflection in Wisdom [vocab] · Reflection in Authority [glass] · Reflection in Drive [refrain] · Reflection in Source [vocab,scope,refrain] · Reflection in Equity [] · Reflection in Tune [] · Reflection in Abstraction [refrain] · Reflection in Breakthrough [names] · Reflection in Inspiration [refrain] · Calculation in Will [glass] · Calculation in Authority [] · Calculation in Culture [refrain] · Calculation in Drive [refrain,medicine] · Calculation in Discipline [refrain] · Calculation in Equity [refrain] · Calculation in Transformation [refrain,weave] · Calculation in Inspiration [imperative,refrain] · Calculation in Actualization [] · Calculation in Recognition [length,refrain] · Calculation in Creation [vocab] · Repose in Wisdom [refrain] · Repose in Authority [vocab] · Repose in Compassion [refrain] · Repose in Drive [] · Repose in Source [refrain] · Repose in Faith [refrain,vocab] · Repose in Transformation [medicine] · Repose in Tune [refrain] · Repose in Breakthrough [refrain] · Repose in Actualization [refrain,vocab,medicine] · Repose in Recognition [refrain,medicine] · Honing in Will [refrain] · Honing in Compassion [vocab] · Honing in Drive [refrain] · Honing in Discipline [scope] · Honing in Source [refrain] · Honing in Transformation [scope] · Honing in Imagination [refrain] · Honing in Recognition [refrain] · Guidance in Potential [refrain,medicine] · Guidance in Wisdom [length] · Guidance in Drive [vocab] · Guidance in Fortitude [vocab] · Guidance in Discipline [] · Guidance in Transformation [refrain] · Guidance in Abstraction [refrain] · Guidance in Inspiration [scope] · Guidance in Actualization [medicine] · Reconciliation in Wisdom [refrain] · Reconciliation in Compassion [weave] · Reconciliation in Fortitude [refrain] · Reconciliation in Discipline [refrain] · Reconciliation in Equity [refrain] · Reconciliation in Transformation [refrain] · Reconciliation in Breakthrough [refrain] · Reconciliation in Imagination [refrain] · Reconciliation in Actualization [refrain] · Immersion in Potential [refrain] · Immersion in Nurturing [refrain] · Immersion in Authority [] · Immersion in Compassion [refrain] · Immersion in Fortitude [refrain,vocab] · Immersion in Equity [scope,vocab,refrain] · Immersion in Faith [refrain] · Immersion in Imagination [refrain] · Immersion in Creation [refrain] · Discernment in Potential [] · Discernment in Wisdom [] · Discernment in Nurturing [refrain] · Discernment in Compassion [weave,scope,refrain] · Discernment in Drive [] · Discernment in Fortitude [refrain] · Discernment in Discipline [vocab,refrain] · Discernment in Transformation [] · Discernment in Abstraction [vocab,refrain] · Discernment in Inspiration [refrain] · Discernment in Imagination [refrain] · Discernment in Recognition [refrain] · Discernment in Creation [scope,refrain] · Clarity in Culture [] · Clarity in Compassion [refrain] · Clarity in Drive [refrain] · Clarity in Fortitude [refrain,vocab] · Clarity in Equity [refrain] · Clarity in Faith [length] · Clarity in Transformation [person] · Clarity in Tune [refrain] · Clarity in Inspiration [vocab] · Clarity in Imagination [refrain] · Clarity in Actualization [refrain] · Clarity in Recognition [refrain] · Clarity in Creation [vocab,scope] · Receptivity in Potential [refrain] · Receptivity in Wisdom [] · Receptivity in Authority [] · Receptivity in Culture [refrain] · Receptivity in Drive [refrain] · Receptivity in Fortitude [refrain] · Receptivity in Source [] · Receptivity in Equity [refrain] · Receptivity in Transformation [refrain,scope] · Receptivity in Tune [refrain] · Receptivity in Abstraction [medicine] · Receptivity in Inspiration [] · Receptivity in Imagination [imperative] · Receptivity in Actualization [refrain] · Merge in Potential [refrain] · Merge in Wisdom [refrain,scope] · Merge in Nurturing [refrain] · Merge in Drive [refrain] · Merge in Fortitude [] · Merge in Source [] · Merge in Equity [vocab,refrain] · Merge in Faith [refrain,medicine,vocab] · Merge in Transformation [vocab] · Merge in Inspiration [scope] · Merge in Creation [refrain] · Celebration in Potential [refrain] · Celebration in Will [] · Celebration in Wisdom [scope,refrain] · Celebration in Nurturing [refrain] · Celebration in Authority [refrain] · Celebration in Drive [refrain] · Celebration in Source [glass] · Celebration in Equity [refrain] · Celebration in Transformation [] · Celebration in Tune [refrain] · Celebration in Inspiration [refrain] · Celebration in Actualization [person] · Reverie in Nurturing [scope,refrain] · Reverie in Compassion [medicine] · Reverie in Drive [refrain] · Reverie in Tune [refrain,medicine] · Reverie in Imagination [refrain] · Reverie in Recognition [] · Reverie in Creation [refrain] · Conscience in Will [refrain] · Conscience in Wisdom [scope] · Conscience in Authority [medicine] · Conscience in Culture [vocab] · Conscience in Compassion [] · Conscience in Drive [] · Conscience in Discipline [] · Conscience in Source [refrain,glass] · Conscience in Equity [] · Conscience in Tune [] · Conscience in Abstraction [vocab,refrain] · Conscience in Inspiration [refrain] · Conscience in Creation [vocab] · Reciprocity in Potential [refrain] · Reciprocity in Wisdom [glass,medicine,refrain] · Reciprocity in Nurturing [vocab] · Reciprocity in Authority [refrain] · Reciprocity in Culture [refrain] · Reciprocity in Fortitude [] · Reciprocity in Faith [scope,vocab,length,medicine] · Reciprocity in Transformation [refrain] · Reciprocity in Tune [medicine,refrain] · Reciprocity in Abstraction [refrain] · Reciprocity in Breakthrough [refrain] · Reciprocity in Inspiration [glass,refrain] · Reciprocity in Imagination [] · Reciprocity in Actualization [vocab] · Reciprocity in Recognition [refrain] · Allure in Potential [glass,medicine] · Allure in Authority [length,label,refrain] · Allure in Compassion [refrain] · Allure in Fortitude [vocab] · Allure in Discipline [refrain,vocab] · Allure in Equity [refrain] · Allure in Transformation [refrain] · Allure in Tune [refrain] · Allure in Abstraction [refrain] · Allure in Actualization [refrain] · Passage in Wisdom [names] · Passage in Nurturing [refrain] · Passage in Compassion [refrain] · Passage in Source [vocab] · Passage in Equity [refrain] · Passage in Transformation [refrain] · Passage in Tune [refrain] · Passage in Abstraction [hunch] · Passage in Actualization [refrain] · Passage in Creation [vocab] · Fulfillment in Wisdom [medicine] · Fulfillment in Nurturing [refrain] · Fulfillment in Authority [imperative,length] · Fulfillment in Culture [medicine] · Fulfillment in Discipline [refrain] · Fulfillment in Faith [glass] · Fulfillment in Transformation [refrain] · Fulfillment in Tune [refrain,medicine] · Fulfillment in Abstraction [] · Fulfillment in Breakthrough [scope] · Fulfillment in Actualization [medicine] · Fulfillment in Recognition [refrain] · Fulfillment in Creation [] · Completion in Potential [refrain] · Completion in Authority [refrain] · Completion in Drive [] · Completion in Faith [vocab] · Completion in Abstraction [refrain,medicine] · Completion in Actualization [refrain] · Completion in Creation [scope] · Definition in Potential [refrain] · Definition in Will [refrain] · Definition in Nurturing [refrain] · Definition in Authority [vocab] · Definition in Culture [] · Definition in Drive [imperative] · Definition in Fortitude [glass] · Definition in Equity [refrain] · Definition in Faith [vocab,refrain] · Definition in Transformation [refrain,medicine] · Definition in Tune [refrain] · Stewardship in Will [label,refrain] · Stewardship in Culture [vocab] · Stewardship in Equity [refrain] · Stewardship in Abstraction [refrain] · Stewardship in Breakthrough [glass] · Stewardship in Recognition [vocab] · Formation in Nurturing [refrain] · Formation in Culture [refrain] · Formation in Drive [refrain] · Formation in Fortitude [refrain,length] · Formation in Discipline [glass,refrain] · Formation in Equity [refrain] · Formation in Faith [refrain] · Formation in Abstraction [refrain,label] · Formation in Imagination [] · Preservation in Authority [refrain,length] · Preservation in Compassion [refrain] · Preservation in Discipline [] · Preservation in Transformation [refrain] · Steadfastness in Will [refrain,vocab] · Steadfastness in Wisdom [vocab] · Steadfastness in Nurturing [refrain] · Steadfastness in Culture [] · Steadfastness in Compassion [medicine,refrain,vocab] · Steadfastness in Drive [refrain] · Steadfastness in Equity [scope] · Steadfastness in Abstraction [refrain] · Steadfastness in Breakthrough [imperative] · Steadfastness in Inspiration [vocab,refrain] · Steadfastness in Actualization [refrain] · Support in Wisdom [refrain] · Support in Nurturing [refrain] · Support in Drive [refrain] · Support in Discipline [refrain] · Support in Source [] · Support in Faith [medicine] · Support in Tune [refrain] · Support in Inspiration [refrain] · Support in Recognition [vocab] · Harvest in Potential [refrain,glass] · Harvest in Will [refrain] · Harvest in Nurturing [vocab] · Harvest in Authority [refrain] · Harvest in Compassion [refrain] · Harvest in Discipline [length] · Harvest in Breakthrough [scope] · Harvest in Imagination [scope,length,refrain] · Harvest in Recognition [refrain] · Commitment in Will [refrain,medicine] · Commitment in Nurturing [] · Commitment in Authority [medicine,refrain,scope] · Commitment in Drive [vocab] · Commitment in Fortitude [medicine,vocab] · Commitment in Source [medicine,refrain] · Commitment in Equity [] · Commitment in Faith [refrain] · Commitment in Abstraction [medicine] · Commitment in Breakthrough [refrain] · Commitment in Actualization [scope] · Commitment in Creation [refrain] · Flourishing in Potential [wound] · Flourishing in Will [refrain] · Flourishing in Authority [] · Flourishing in Fortitude [imperative] · Flourishing in Source [scope] · Flourishing in Equity [refrain] · Flourishing in Faith [refrain] · Flourishing in Abstraction [refrain,person,scope] · Flourishing in Inspiration [] · Flourishing in Creation [glass,refrain] · Achievement in Potential [person] · Achievement in Wisdom [names,refrain] · Achievement in Nurturing [] · Achievement in Fortitude [scope] · Achievement in Source [missing,refrain,growth] · Achievement in Faith [refrain] · Achievement in Transformation [refrain] · Achievement in Inspiration [] · Achievement in Creation [refrain] · Initiate of Intent in Potential [refrain] · Initiate of Intent in Drive [] · Initiate of Intent in Transformation [refrain] · Initiate of Intent in Breakthrough [refrain] · Initiate of Intent in Actualization [refrain] · Initiate of Intent in Creation [] · Catalyst of Intent in Authority [refrain] · Catalyst of Intent in Discipline [] · Catalyst of Intent in Source [scope,vocab,refrain] · Catalyst of Intent in Faith [refrain] · Catalyst of Intent in Tune [scope,label,refrain] · Catalyst of Intent in Abstraction [scope] · Catalyst of Intent in Breakthrough [] · Catalyst of Intent in Imagination [refrain] · Catalyst of Intent in Actualization [refrain] · Catalyst of Intent in Recognition [vocab] · Steward of Intent in Wisdom [refrain] · Steward of Intent in Authority [] · Steward of Intent in Compassion [refrain] · Steward of Intent in Drive [refrain] · Steward of Intent in Fortitude [refrain] · Steward of Intent in Discipline [length] · Steward of Intent in Breakthrough [] · Steward of Intent in Inspiration [refrain,vocab] · Steward of Intent in Imagination [refrain] · Steward of Intent in Creation [scope] · Executor of Intent in Potential [refrain] · Executor of Intent in Wisdom [refrain] · Executor of Intent in Nurturing [refrain] · Executor of Intent in Authority [] · Executor of Intent in Culture [] · Executor of Intent in Fortitude [length,refrain] · Executor of Intent in Faith [vocab] · Executor of Intent in Transformation [refrain] · Executor of Intent in Actualization [] · Initiate of Cognition in Potential [] · Initiate of Cognition in Nurturing [refrain] · Initiate of Cognition in Culture [refrain] · Initiate of Cognition in Fortitude [] · Initiate of Cognition in Source [refrain] · Initiate of Cognition in Abstraction [scope,medicine] · Initiate of Cognition in Actualization [refrain] · Initiate of Cognition in Creation [refrain] · Catalyst of Cognition in Potential [refrain] · Catalyst of Cognition in Will [refrain] · Catalyst of Cognition in Nurturing [refrain] · Catalyst of Cognition in Culture [refrain] · Catalyst of Cognition in Fortitude [refrain] · Catalyst of Cognition in Source [refrain] · Catalyst of Cognition in Equity [refrain] · Catalyst of Cognition in Breakthrough [scope] · Steward of Cognition in Drive [refrain] · Steward of Cognition in Source [vocab,ask] · Steward of Cognition in Faith [refrain] · Steward of Cognition in Abstraction [refrain] · Executor of Cognition in Will [] · Executor of Cognition in Culture [refrain,history] · Executor of Cognition in Drive [] · Executor of Cognition in Fortitude [refrain] · Executor of Cognition in Transformation [refrain] · Executor of Cognition in Abstraction [refrain] · Executor of Cognition in Breakthrough [refrain] · Executor of Cognition in Recognition [] · Initiate of Resonance in Nurturing [refrain] · Initiate of Resonance in Authority [refrain] · Initiate of Resonance in Fortitude [refrain] · Initiate of Resonance in Equity [refrain] · Initiate of Resonance in Faith [refrain] · Initiate of Resonance in Tune [refrain] · Initiate of Resonance in Abstraction [refrain] · Initiate of Resonance in Imagination [refrain,medicine] · Catalyst of Resonance in Nurturing [refrain] · Catalyst of Resonance in Faith [refrain] · Catalyst of Resonance in Transformation [refrain] · Catalyst of Resonance in Abstraction [refrain] · Catalyst of Resonance in Breakthrough [refrain] · Catalyst of Resonance in Inspiration [refrain] · Steward of Resonance in Potential [scope,refrain,medicine] · Steward of Resonance in Wisdom [] · Steward of Resonance in Culture [refrain] · Steward of Resonance in Compassion [scope,length,vocab,refrain] · Steward of Resonance in Drive [vocab] · Steward of Resonance in Discipline [refrain] · Steward of Resonance in Equity [] · Steward of Resonance in Transformation [refrain] · Steward of Resonance in Tune [format] · Steward of Resonance in Imagination [refrain] · Steward of Resonance in Recognition [refrain,scope] · Executor of Resonance in Potential [refrain] · Executor of Resonance in Will [refrain] · Executor of Resonance in Authority [refrain] · Executor of Resonance in Compassion [refrain] · Executor of Resonance in Fortitude [refrain] · Executor of Resonance in Discipline [refrain] · Executor of Resonance in Faith [refrain] · Executor of Resonance in Abstraction [scope,refrain] · Executor of Resonance in Breakthrough [refrain] · Executor of Resonance in Inspiration [scope] · Executor of Resonance in Imagination [refrain] · Executor of Resonance in Actualization [refrain,medicine] · Executor of Resonance in Recognition [refrain,scope,medicine] · Executor of Resonance in Creation [] · Initiate of Structure in Potential [medicine] · Initiate of Structure in Nurturing [] · Initiate of Structure in Compassion [vocab,refrain,medicine] · Initiate of Structure in Fortitude [refrain] · Initiate of Structure in Discipline [refrain,length] · Initiate of Structure in Source [scope] · Initiate of Structure in Equity [refrain] · Initiate of Structure in Faith [history] · Initiate of Structure in Tune [refrain] · Initiate of Structure in Imagination [medicine,refrain] · Initiate of Structure in Recognition [scope] · Initiate of Structure in Creation [refrain] · Catalyst of Structure in Potential [length] · Catalyst of Structure in Will [length,refrain] · Catalyst of Structure in Wisdom [refrain] · Catalyst of Structure in Culture [] · Catalyst of Structure in Fortitude [refrain,medicine] · Catalyst of Structure in Discipline [refrain] · Catalyst of Structure in Equity [] · Catalyst of Structure in Tune [medicine,refrain] · Catalyst of Structure in Breakthrough [refrain] · Catalyst of Structure in Inspiration [] · Catalyst of Structure in Imagination [] · Catalyst of Structure in Creation [refrain] · Steward of Structure in Will [] · Steward of Structure in Wisdom [refrain] · Steward of Structure in Nurturing [refrain] · Steward of Structure in Compassion [refrain] · Steward of Structure in Drive [] · Steward of Structure in Fortitude [refrain] · Steward of Structure in Discipline [refrain] · Steward of Structure in Source [scope,vocab] · Steward of Structure in Faith [refrain] · Steward of Structure in Breakthrough [imperative] · Steward of Structure in Imagination [refrain] · Steward of Structure in Actualization [refrain] · Steward of Structure in Recognition [] · Executor of Structure in Nurturing [refrain] · Executor of Structure in Authority [refrain] · Executor of Structure in Culture [length,refrain] · Executor of Structure in Transformation [refrain] · Executor of Structure in Inspiration [vocab,refrain] · Executor of Structure in Imagination [vocab]
